url,page_status,decision,trust,confidence,ml_probability,threat,stage,certainty,evidence,latency_ms,cpu_usage,memory_usage_mb,bandwidth_kb,predicted,actual
https://www.secureaccountview.com/BFWeb/clients/creditsuisse/index#,opened_ok,warn,0.45,0.55,0.154,suspicious,2 + deep-analysis,medium,domain_login_keyword;password_field_present;login_intent;hidden_elements_count;external_script_count,26.571,1.4,216.4,11259.4,0,phishing
https://spiritustaxllc.taxdome.com/app/invitations/ifG2vuhMp8wJM5hgLyPW5J6K,opened_ok,warn,0.45,0.55,0.154,suspicious,2 + deep-analysis,medium,password_field_present;login_intent;hidden_elements_count;external_script_count,26.515,0.8,288.6,3440.2,0,phishing
https://bit.ly/47joOdu,opened_ok,allow,0.45,0.345,0.345,suspicious,2 + deep-analysis,low,url_shortener_host;login_intent,20.2,1.1,302.2,610.8,1.0,phishing
https://bit.ly/4gmTZZN,opened_ok,allow,0.45,0.345,0.345,suspicious,2 + deep-analysis,low,url_shortener_host;login_intent,23.662,3.4,305.3,348.1,1.0,phishing
https://tinyurl.com/4dhks3ut,opened_ok,allow,0.45,0.083,0.083,suspicious,2 + deep-analysis,medium,url_shortener_host;hidden_elements_count;external_script_count;excessive_iframes,23.237,1.2,286.1,9112.3,1.0,phishing
https://secure.na2.adobesign.com/public/login,opened_ok,warn,0.45,0.624,0.125,suspicious,2 + deep-analysis,medium,lookalike_brand_domain;claimed_brand_in_url;credential_keyword_in_subdomain,23.151,1.1,182.6,2139.9,0,phishing
https://interacty.me/projects/fd01a01b9139fd84,opened_ok,warn,0.45,0.649,0.342,suspicious,2 + deep-analysis,low,lookalike_brand_domain;claimed_brand_in_url,19.153,1.6,223.3,1470.9,0.0,phishing
https://bit.ly/3AWH6Fi,opened_ok,allow,0.45,0.345,0.345,suspicious,2 + deep-analysis,low,url_shortener_host;login_intent,16.285,2.7,302.2,303.0,1.0,phishing
https://firebasestorage.googleapis.com/v0/b/iooouuuyyiio.appspot.com/o/RA-ooommnnneu.html?alt=media&token=9d81efb6-100f-44b1-8bc0-5fb98e24471a,opened_ok,block,0.05,0.95,,phishing,1,high,lookalike_brand_domain;claimed_brand_in_url;password_field_present;credentials_on_unknown_target;form_action_domain_mismatch;credential_submission_mismatch,83.892,0.8,178.6,23745.7,0,phishing
https://login.qr-code-generator.com/,opened_ok,block,0.05,0.90,,phishing,1(cached),high,lookalike_domain;domain_login_keyword;credential_keyword_in_subdomain;password_field_present;credentials_on_unknown_target,7.9,1.2,186.7,822.5,0,phishing
https://bit.ly/3XxMWpE,opened_ok,allow,0.45,0.345,0.345,suspicious,2 + deep-analysis,low,url_shortener_host;login_intent,20.195,3.6,305.3,221.7,1.0,phishing
https://tinyurl.com/mrxe8fru,opened_ok,allow,0.45,0.083,0.083,suspicious,2 + deep-analysis,medium,url_shortener_host;hidden_elements_count;external_script_count;excessive_iframes,20.689,1.7,251.2,5344.9,1.0,phishing
https://bit.ly/3MSwZEx,opened_ok,allow,0.45,0.345,0.345,suspicious,2 + deep-analysis,low,url_shortener_host;login_intent,22.778,2.7,302.2,670.5,1.0,phishing
https://web.archive.org/web/20260414174030/https://mail-owaexchnange-autodisciover-mailbox.s3.us-east-1.amazonaws.com/index.html#example@example.com,opened_ok,warn,0.45,0.8,,phishing,2 + deep-analysis,low,brand_impersonation;password_field_present;credentials_on_unknown_target;hidden_elements_count;obfuscated_content,12.456,0.8,212.8,692.0,0,phishing
https://login.xfinity.com/login?utm=botredirect,opened_ok,warn,0.45,0.55,0.308,phishing,2 + deep-analysis,medium,suspicious_path;domain_login_keyword;credential_keyword_in_subdomain;login_intent;hidden_elements_count,19.332,0.6,281.9,6545.2,0,phishing
https://interacty.me/projects/4a9f6b180be4b5da,opened_ok,warn,0.45,0.649,0.342,suspicious,2 + deep-analysis,low,lookalike_brand_domain;claimed_brand_in_url,21.58,2.4,223.3,6904.7,0.0,phishing
https://tinyurl.com/app/login,opened_ok,warn,0.45,0.55,0.36,suspicious,2 + deep-analysis,medium,suspicious_path;url_shortener_host;password_field_present;login_intent,20.0,0.7,211.3,2794.4,0,phishing
https://storage.googleapis.com/ygbk/indexv.html?t=YUBiLmNvbQ==,opened_ok,warn,0.45,0.8,,suspicious,2 + deep-analysis,low,lookalike_brand_domain;claimed_brand_in_url;password_field_present;credentials_on_unknown_target;hidden_elements_count;obfuscated_content,6.567,1.0,188.6,674.8,0,phishing
https://secure.na2.adobesign.com/public/esign?tsid=CBFCIBAACBSCTBABDUAAABACAABAA-2YmrUKNEBKjOZM6BqB6vovEnECIOl3dmdi57YID3JJJFTbIzpir0o2mXwGWWI9Y2fg4SJx93rSVcloZnd7Jftx7xfOOvAN7DiHQZIGPiP6IHfBBG41UxF1rrB5rdBxi&,opened_ok,warn,0.45,0.624,0.125,suspicious,2 + deep-analysis,medium,lookalike_brand_domain;claimed_brand_in_url;credential_keyword_in_subdomain,28.22,0.8,191.5,3813.5,0,phishing
https://bit.ly/3Y4Htpx?eda=UsawfeEreU,opened_ok,allow,0.45,0.345,0.345,suspicious,2 + deep-analysis,low,url_shortener_host;login_intent,22.653,3.4,318.1,193.5,1.0,phishing
https://bit.ly/47NHeds,opened_ok,allow,0.45,0.345,0.345,suspicious,2 + deep-analysis,low,url_shortener_host;login_intent,19.059,2.8,292.8,1404.4,1.0,phishing
https://stockhouse.com/registration/social-login?ec=a37aa67a-aec2-4afa-88c1-8f2fdb9762a5&amp;returnUrl=https://revviewfiles.es/jppppsss?email=aaaa@example.jp,opened_ok,warn,0.45,0.55,0.141,suspicious,2 + deep-analysis,medium,suspicious_path;password_field_present;login_intent;hidden_elements_count;external_script_count;excessive_iframes,32.757,1.1,344.2,5259.1,0,phishing
https://junglelou.com/thu/Englishdomain/chi/,opened_ok,warn,0.45,0.55,0.16,suspicious,2 + deep-analysis,medium,password_field_present;login_intent;obfuscated_content,29.908,2.3,182.8,396.0,0,phishing
https://tinyurl.com/4yepr2uj,opened_ok,allow,0.45,0.083,0.083,suspicious,2 + deep-analysis,medium,url_shortener_host;hidden_elements_count;external_script_count;excessive_iframes,23.771,1.1,298.7,6895.3,1.0,phishing
https://tinyurl.com/mvtx57a9,opened_ok,allow,0.45,0.083,0.083,suspicious,2 + deep-analysis,medium,url_shortener_host;hidden_elements_count;external_script_count;excessive_iframes,23.454,0.8,280.3,10687.9,1.0,phishing
https://interacty.me/projects/ba837d69e93b2459,opened_ok,warn,0.45,0.649,0.342,suspicious,2 + deep-analysis,low,lookalike_brand_domain;claimed_brand_in_url,22.745,1.8,221.3,2566.4,0.0,phishing
https://baccredomatic.my.idaptive.app/my?customerId=AAV0460,opened_ok,block,0.05,0.9,,phishing,1,high,credential_keyword_in_subdomain;password_field_present;credentials_on_unknown_target;hidden_elements_count,8.373,1.1,188.3,910.8,0,phishing
https://millennium-bcp.ghe.com/login,opened_ok,warn,0.45,0.8,,phishing,2 + deep-analysis,low,suspicious_path;brand_impersonation;password_field_present;login_intent;credentials_on_unknown_target;hidden_elements_count,4.275,1.7,217.1,1322.7,0,phishing
https://tinyurl.com/3x4e89ap,opened_ok,allow,0.45,0.083,0.083,suspicious,2 + deep-analysis,medium,url_shortener_host;hidden_elements_count;external_script_count;excessive_iframes,24.636,1.3,276.7,3425.1,1.0,phishing
https://tinyurl.com/5n7jvmmx#?c=ZWltYXN0ZUBzdGlucHJpemEub3Jn,opened_ok,allow,0.45,0.083,0.083,suspicious,2 + deep-analysis,medium,url_shortener_host;hidden_elements_count;external_script_count;excessive_iframes,27.8,0.7,211.3,2794.4,1.0,phishing
https://interacty.me/projects/e2cd23b2c706e1f1,opened_ok,warn,0.45,0.649,0.342,suspicious,2 + deep-analysis,low,lookalike_brand_domain;claimed_brand_in_url,15.877,1.2,218.8,2337.7,0.0,phishing
https://tinyurl.com/3jru4txs,opened_ok,allow,0.45,0.083,0.083,suspicious,2 + deep-analysis,medium,url_shortener_host;hidden_elements_count;external_script_count;excessive_iframes,22.545,0.7,210.6,5616.5,1.0,phishing
https://tinyurl.com/InterDelivery,opened_ok,allow,0.45,0.083,0.083,suspicious,2 + deep-analysis,medium,url_shortener_host;hidden_elements_count;external_script_count;excessive_iframes,19.932,1.4,296.2,3602.9,1.0,phishing
https://www.powr.io/media-gallery/i/41166062,opened_ok,warn,0.45,0.68,0.266,phishing,2 + deep-analysis,low,brand_impersonation;login_intent,24.138,1.2,297.8,7018.7,0.0,phishing
https://forum.wixstudio.com/t/sql-vs-wix-database/6482,opened_ok,block,0.05,0.9,,phishing,1,high,password_field_present;credentials_on_unknown_target;hidden_elements_count;external_script_count;hidden_login_form,11.957,1.1,276.3,3068.5,0.0,phishing
https://login.xfinity.com/login?utm=botredirect,opened_ok,warn,0.45,0.55,0.308,phishing,2 + deep-analysis,medium,suspicious_path;domain_login_keyword;credential_keyword_in_subdomain;login_intent;hidden_elements_count,19.332,0.6,281.9,6545.2,0.0,phishing
https://netflixinyourneighborhoodnm.com/?utm_source=vanity_url&utm_medium=url&utm_campaign=netflixnm_vanity_url/,opened_ok,warn,0.45,0.551,0.15,suspicious,2 + deep-analysis,medium,lookalike_brand_domain;claimed_brand_in_url;hidden_elements_count;external_script_count,21.978,1.4,446.7,31207.6,0.0,phishing
https://appledgerlive.framer.media/us-en,opened_ok,warn,0.45,0.594,0.263,suspicious,2 + deep-analysis,medium,unknown_tld;lookalike_brand_domain;claimed_brand_in_url,19.331,1.2,212.5,835.6,0.0,phishing
https://forum.wixstudio.com/t/blockchain-can-it-be-done-on-wix/25310,opened_ok,block,0.05,0.9,,phishing,1,high,password_field_present;credentials_on_unknown_target;hidden_elements_count;external_script_count;hidden_login_form,9.718,1.1,276.4,3258.4,0.0,phishing
https://www.5mp.eu/fajlok2/scba/index_www.5mp.eu_.html,opened_ok,block,0.05,0.95,,phishing,1,high,unknown_tld;brand_impersonation;password_field_present;credentials_on_unknown_target;form_action_domain_mismatch;credential_submission_mismatch;hidden_elements_count,10.679,1.9,215.4,985.9,0.0,phishing
https://app.loanspq.com/cu/ViewSubmittedLoans.aspx?lenderref=79a71bb1dc9d4e4499681bb5999eac11,opened_ok,allow,0.45,0.233,0.233,suspicious,2 + deep-analysis,medium,password_field_present;hidden_elements_count;external_script_count;obfuscated_content,24.133,0.6,214.7,2100.3,1.0,phishing
https://access.baswaredev.com/forgotpassword?user_name=facturation%40nameshield.net&amp;pool_id=eu-west-1_W3TiYuxYe&amp;timestamp=1766564744722&amp;languagecode=en&amp;client_id=57eno8klk7pnc2tf5716l45a8c&amp;origin=https%3A%2F%2Fportal.basware.com%2FserviceOnboarding%2FrxeufRRe%3FchosenServiceId%3D3&amp;flow=actacc&amp;confirmation_code=actacc,opened_ok,warn,0.45,0.55,0.124,phishing,2 + deep-analysis,medium,suspicious_path;credential_keyword_in_subdomain;login_intent,23.656,1.1,218.8,1102.1,0.0,phishing
https://tinyurl.com/5btbppms,opened_ok,allow,0.45,0.083,0.083,suspicious,2 + deep-analysis,medium,url_shortener_host;hidden_elements_count;external_script_count;excessive_iframes,26.038,1.5,294.5,7717.3,1.0,phishing
https://shared.outlook.inky.com/link?domain=winmarkethinfos.com&amp;t=h.eJxVjssOgjAURH_FdG1o7-0LWPErBW4pKRRTaowx_rt24cLtnJmcebF73lh_YaGU29lz_ljT7nKkEtbkj7OZjp1dLyzWTqJy5AWERKsA-UwuJTeMIZzBRcrktvKsA65UNyGhMoCz1mjQeD8KL1tvWilb4GCNsgatsM0XagtYJVQlxWWK0HVaGIHDsrt1-52YK_9LSv0O7w-v6Dmk.MEUCIQCBRa6UbPU85LKrLM0CayMNkOhN5E5mejPQ7IRZFOnahQIgd747kx99OQmt2_WXc9BSWpPscAHAywSJvavz69-zgNg,opened_ok,warn,0.45,0.649,0.342,suspicious,2 + deep-analysis,low,lookalike_brand_domain;claimed_brand_in_url,28.767,1.1,215.0,6749.3,0.0,phishing
https://tinyurl.com/wanttmore,opened_ok,allow,0.45,0.083,0.083,suspicious,2 + deep-analysis,medium,url_shortener_host;hidden_elements_count;external_script_count;excessive_iframes,24.706,1.6,287.1,3823.4,1.0,phishing
https://interacty.me/projects/9915331d895e1169,opened_ok,warn,0.45,0.649,0.342,suspicious,2 + deep-analysis,low,lookalike_brand_domain;claimed_brand_in_url,17.213,1.1,221.7,668.5,0.0,phishing
https://pontoonsolutionsde.my.site.com/,opened_ok,warn,0.45,0.55,0.303,phishing,2 + deep-analysis,medium,credential_keyword_in_subdomain;login_intent;redirect_chain,19.923,0.6,228.8,2297.2,0.0,phishing
https://tinyurl.com/4r8naupy,opened_ok,allow,0.45,0.083,0.083,suspicious,2 + deep-analysis,medium,url_shortener_host;hidden_elements_count;external_script_count;excessive_iframes,25.633,1.4,293.3,9030.4,1.0,phishing
https://www.dropbox.com/login?cont=https%3A%2F%2Fwww.dropbox.com%2Fspri%2FAPNxdKypUsi6ct3fE_Qh8seSIwwf9XfeFFkaq77BXBA2j-8ce0vTD6tcADEuorbqC7NyHBC8HUqPAJYuLwwYEwukH5GwnfbmAC3I1jOXroS7R_2k56_mgIDVJfrMU9G6QH3268jOYku8XH4BXhPSWYTrHtyQFZ7Klutrlg8bqgoHTFqgN4_GyitTjQy3eeIFbvKbKJpucG0M1KhcHkbW84Ar9qfl4kI3Xql__GYFpb9NE_U8IEP2QtcMKsx6oLKzJW4%3Foref%3De,opened_ok,warn,0.45,0.68,0.392,phishing,2 + deep-analysis,medium,password_field_present;login_intent;hidden_login_form;excessive_iframes,19.784,1.1,325.3,27469.8,0.0,phishing
https://www.dropbox.com/l/spri/AADTyaZuJbdQ2nLNkKzBx2av8iT1KWcJNA4,opened_ok,warn,0.45,0.68,0.392,phishing,2 + deep-analysis,medium,password_field_present;login_intent;hidden_login_form;excessive_iframes;redirect_chain,11.567,1.1,319.2,25729.3,0.0,phishing
https://account-security-s-school.teachable.com:443/p/untitled-8,opened_ok,warn,0.45,0.55,0.085,phishing,2 + deep-analysis,medium,domain_login_keyword;credential_keyword_in_subdomain;login_intent;external_script_count;redirect_chain,18.712,0.8,222.7,2109.4,0.0,phishing
https://tinyurl.com/asdfgbhnqwer,opened_ok,allow,0.45,0.083,0.083,suspicious,2 + deep-analysis,medium,url_shortener_host;hidden_elements_count;external_script_count;excessive_iframes,22.846,1.4,287.9,3776.5,1.0,phishing
https://tinyurl.com/3tax76b3,opened_ok,allow,0.45,0.083,0.083,suspicious,2 + deep-analysis,medium,url_shortener_host;hidden_elements_count;external_script_count;excessive_iframes,23.57,1.8,286.5,3908.0,1.0,phishing
https://app.box.com/notes/1979373409553?s=hf0m1q56q7pb2shw1ziynzjxckt1607e,opened_ok,block,0.05,0.9,,phishing,1,high,password_field_present;login_intent;credentials_on_unknown_target;hidden_login_form,12.354,1.1,224.6,1292.8,0.0,phishing
https://tinyurl.com/mw4xmwj4,opened_ok,allow,0.45,0.083,0.083,suspicious,2 + deep-analysis,medium,url_shortener_host;hidden_elements_count;external_script_count;excessive_iframes,22.668,1.6,280.4,6858.5,1.0,phishing
https://app-na1.hubspotdocuments.com/documents/8597947/view/1282847183?accessId=34336c,opened_ok,warn,0.45,0.586,0.142,suspicious,2 + deep-analysis,medium,lookalike_brand_domain;claimed_brand_in_url;hidden_elements_count,24.906,0.8,301.2,32188.1,0.0,phishing
https://tinyurl.com/52pedwkf,opened_ok,allow,0.45,0.083,0.083,suspicious,2 + deep-analysis,medium,url_shortener_host;hidden_elements_count;external_script_count;excessive_iframes,23.931,1.3,274.6,11708.9,1.0,phishing
https://www.dropbox.com/l/spri/AAAhZJH8XXmKJyRJ4gy97MkpViW-MKCZcSM,opened_ok,warn,0.45,0.68,0.392,phishing,2 + deep-analysis,medium,password_field_present;login_intent;hidden_login_form;excessive_iframes;redirect_chain,20.103,1.5,277.8,16969.1,0.0,phishing
https://www.dropbox.com/login?cont=https%3A%2F%2Fwww.dropbox.com%2Fspri%2FAPPoXAuBidf0PKaocCwMcjrM5qWrvrOCE0Nr5TgP4tT3-H1P51bKh4E-vMPAghcarxpL-EgYoMFdumF3df5xJoWZk2pNZnklemapca3R7LOhCe_3AWsxD6Z5p_ceRIZTsXgTsxMA6ADNBOWVkv0_nJW0gxg7XmU_9BzeLo-_haY5Eg%3Foref%3De,opened_ok,warn,0.45,0.68,0.392,phishing,2 + deep-analysis,medium,password_field_present;login_intent;hidden_login_form;excessive_iframes,18.791,1.1,326.0,20486.5,0.0,phishing
https://tinyurl.com/3bkykx8v,opened_ok,allow,0.45,0.083,0.083,suspicious,2 + deep-analysis,medium,url_shortener_host;hidden_elements_count;external_script_count;excessive_iframes,23.025,1.4,283.2,5606.1,1.0,phishing
https://tinyurl.com/y32x6s7t,opened_ok,allow,0.45,0.083,0.083,suspicious,2 + deep-analysis,medium,url_shortener_host;hidden_elements_count;external_script_count;excessive_iframes,21.798,1.6,279.4,4266.6,1.0,phishing
https://bit.ly/ayuda-interbank,opened_ok,allow,0.45,0.033,0.033,suspicious,2 + deep-analysis,medium,suspicious_path;url_shortener_host;excessive_iframes,23.632,1.4,236.8,4173.0,1.0,phishing
https://robinhood.com/account/crypto?applink=crypto_transfer%3Faction%3Denroll,opened_ok,block,0.05,0.93,,phishing,1,high,suspicious_path;brand_in_path;password_field_present;login_intent;hidden_elements_count;excessive_iframes,5.721,1.1,481.7,8467.4,0.0,phishing
https://tinyurl.com/2cc8cwyq,opened_ok,allow,0.45,0.083,0.083,suspicious,2 + deep-analysis,medium,url_shortener_host;hidden_elements_count;external_script_count;excessive_iframes,24.135,1.2,279.6,12359.7,1.0,phishing
https://www.dropbox.com/l/spri/AAAHdzG3kz1DGiqHIiK9oBNLE3v5W9mOoXA,opened_ok,warn,0.45,0.68,0.392,phishing,2 + deep-analysis,medium,password_field_present;login_intent;hidden_login_form;excessive_iframes;redirect_chain,18.785,1.1,324.1,15891.2,0.0,phishing
https://www.dropbox.com/login?cont=https%3A%2F%2Fwww.dropbox.com%2Fspri%2FAPNS4Xy0YxgWL1G4fpzJC9NbRrrc7yAswa-NMd8BcxpRSmgHOvJlGxPJIRbGZcRDfgOBcBL4MEt3-wOH8kg2xigNaE1Fu-MCA1aS6ZiDDm6pajVwOSZUoA9esSXellsJ-yz13-mWggexfptv1TIEcncPHE_dmepcqjahaL1XlGhh6MW5iEGy-Gicg_25-6qIxK5ip95_abKTygVn5pxJgkdtUxSV4dn3lQlIxtIMhSYaF86gBzwwv-QOUFXtxHvuGUY%3Foref%3De,opened_ok,warn,0.45,0.68,0.392,phishing,2 + deep-analysis,medium,password_field_present;login_intent;hidden_login_form;excessive_iframes,12.579,0.8,327.4,15838.2,0.0,phishing
https://files.fm/u/ebnfpv22pr,opened_ok,warn,0.45,0.55,0.423,suspicious,2 + deep-analysis,medium,unknown_tld;password_field_present;hidden_elements_count;external_script_count;obfuscated_content,28.422,1.1,227.5,3372.9,0.0,phishing
https://tinyurl.com/creditosbdvenlineaonlinee,opened_ok,allow,0.45,0.083,0.083,suspicious,2 + deep-analysis,medium,url_shortener_host;hidden_elements_count;external_script_count;excessive_iframes,19.934,0.8,286.8,10967.1,1.0,phishing
https://tinyurl.com/yv9xtnp8,opened_ok,allow,0.45,0.083,0.083,suspicious,2 + deep-analysis,medium,url_shortener_host;hidden_elements_count;external_script_count;excessive_iframes,22.038,1.4,287.6,12770.1,1.0,phishing
https://triangleadhesivescom.webhost4life.com/belfus-9283745334383472342/index.php,opened_ok,block,0.05,0.95,,phishing,1,high,password_field_present;credentials_on_unknown_target;form_action_domain_mismatch;credential_submission_mismatch,10.319,1.9,227.3,6201.9,0.0,phishing
https://tinyurl.com/ewkflrj3wef,opened_ok,allow,0.45,0.083,0.083,suspicious,2 + deep-analysis,medium,url_shortener_host;hidden_elements_count;external_script_count;excessive_iframes,23.191,1.6,273.1,7011.9,1.0,phishing
https://tinyurl.com/fragiledeliotorientaional,opened_ok,allow,0.45,0.083,0.083,suspicious,2 + deep-analysis,medium,url_shortener_host;hidden_elements_count;external_script_count;excessive_iframes,21.336,1.3,280.8,9709.6,1.0,phishing
https://bit.ly/interbank-aviso,opened_ok,allow,0.45,0.033,0.033,suspicious,2 + deep-analysis,medium,suspicious_path;url_shortener_host;excessive_iframes,23.342,1.6,228.8,5310.6,1.0,phishing
https://storage.googleapis.com/24sevensocial/production/googlecloud/userfiles/3604/16874/VERIFICATIONATT_1751271730.html,opened_ok,warn,0.45,0.649,0.342,suspicious,2 + deep-analysis,low,lookalike_brand_domain;claimed_brand_in_url,18.766,1.1,227.8,364.3,0.0,phishing
https://tinyurl.com/1pcondoupdated,opened_ok,allow,0.45,0.083,0.083,suspicious,2 + deep-analysis,medium,suspicious_path;url_shortener_host;hidden_elements_count;external_script_count;excessive_iframes,19.927,1.3,292.7,11971.8,1.0,phishing
https://bit.ly/m/attwwwupdatemail,opened_ok,allow,0.45,0.283,0.283,suspicious,2 + deep-analysis,low,suspicious_path;url_shortener_host,30.116,1.8,254.4,179.9,1.0,phishing
https://tinyurl.com/3jxyt8hf,opened_ok,allow,0.45,0.083,0.083,suspicious,2 + deep-analysis,medium,url_shortener_host;hidden_elements_count;external_script_count;excessive_iframes,21.311,1.5,281.3,5337.0,1.0,phishing
https://tinyurl.com/2cqcg77n,opened_ok,allow,0.45,0.083,0.083,suspicious,2 + deep-analysis,medium,url_shortener_host;hidden_elements_count;external_script_count;excessive_iframes,25.561,1.4,278.3,9582.8,1.0,phishing
https://mez.ink/attservicehomeredirect,opened_ok,warn,0.45,0.68,0.333,phishing,2 + deep-analysis,medium,unknown_tld;brand_impersonation;login_intent;external_script_count,21.201,1.1,227.2,1545.0,0.0,phishing
https://tinyurl.com/4yhvjwxs,opened_ok,allow,0.45,0.083,0.083,suspicious,2 + deep-analysis,medium,url_shortener_host;hidden_elements_count;external_script_count;excessive_iframes,24.805,0.9,280.9,7060.2,1.0,phishing
https://bit.ly/44AaRbE,opened_ok,allow,0.45,0.345,0.345,suspicious,2 + deep-analysis,low,url_shortener_host;login_intent,23.23,3.7,227.3,273.6,1.0,phishing
https://tinyurl.com/myrobloxprofile123,opened_ok,allow,0.45,0.083,0.083,suspicious,2 + deep-analysis,medium,url_shortener_host;hidden_elements_count;external_script_count;excessive_iframes,21.585,1.1,288.4,6636.3,1.0,phishing
https://tinyurl.com/CreditosOnline-BDV,opened_ok,allow,0.45,0.083,0.083,suspicious,2 + deep-analysis,medium,url_shortener_host;hidden_elements_count;external_script_count;excessive_iframes,19.607,1.1,288.2,6643.3,1.0,phishing
https://app.hellosign.com/sign/cf0e039dfeeaf5dd4278feebf447b33beebee76a,opened_ok,warn,0.45,0.8,,phishing,2 + deep-analysis,low,brand_impersonation;password_field_present;credentials_on_unknown_target,9.637,0.8,258.5,9655.8,0.0,phishing
https://tinyurl.com/5647e57c,opened_ok,allow,0.45,0.083,0.083,suspicious,2 + deep-analysis,medium,url_shortener_host;hidden_elements_count;external_script_count;excessive_iframes,22.397,1.4,263.8,21920.7,1.0,phishing
https://566504ef249d9ce8.lolipop.jp/spoot/web/add.php,opened_ok,warn,0.45,0.8,,phishing,2 + deep-analysis,low,brand_impersonation;password_field_present;login_intent;credentials_on_unknown_target,8.028,1.1,280.6,14227.0,0.0,phishing
https://tinyurl.com/ggmythic,opened_ok,allow,0.45,0.083,0.083,suspicious,2 + deep-analysis,medium,url_shortener_host;hidden_elements_count;external_script_count;excessive_iframes,23.051,1.5,297.3,5885.2,1.0,phishing
https://app.cgd.pt/cdoOBA/login.seam?ref=3f3e1ac2300e91427aa77e420e92d00ad1,opened_ok,warn,0.45,0.55,0.355,suspicious,2 + deep-analysis,medium,suspicious_path;password_field_present;login_intent;hidden_elements_count;obfuscated_content,22.048,0.8,255.3,510.1,0.0,phishing
https://tinyurl.com/mr25xjcp,opened_ok,allow,0.45,0.083,0.083,suspicious,2 + deep-analysis,medium,url_shortener_host;hidden_elements_count;external_script_count;excessive_iframes,21.326,1.4,304.0,3615.2,1.0,phishing
https://bit.ly/3XQ6xl4,opened_ok,allow,0.45,0.345,0.345,suspicious,2 + deep-analysis,low,url_shortener_host;login_intent,46.465,3.7,319.7,458.4,1.0,phishing
https://bit.ly/4eyRSA5,opened_ok,allow,0.45,0.345,0.345,suspicious,2 + deep-analysis,low,url_shortener_host;login_intent,21.333,3.7,300.7,471.0,1.0,phishing
https://tinyurl.com/28r5ha7c,opened_ok,allow,0.45,0.083,0.083,suspicious,2 + deep-analysis,medium,url_shortener_host;hidden_elements_count;external_script_count;excessive_iframes,23.074,1.1,279.7,6208.9,1.0,phishing
https://tinyurl.com/49sfsmv9,opened_ok,allow,0.45,0.083,0.083,suspicious,2 + deep-analysis,medium,url_shortener_host;hidden_elements_count;external_script_count;excessive_iframes,19.78,1.3,298.1,8977.6,1.0,phishing
https://remit-notification.s3.us-east-2.amazonaws.com/convax.html,opened_ok,warn,0.45,0.612,0.342,suspicious,2 + deep-analysis,medium,lookalike_domain;lookalike_brand_domain;claimed_brand_in_url,21.231,0.8,248.7,5702.3,0.0,phishing
https://workdrive.zoho.com/file/v10n51ff5b12dbcd244689e2cf34c85cd9be5,opened_ok,warn,0.45,0.68,0.234,phishing,2 + deep-analysis,medium,password_field_present;login_intent;hidden_login_form,20.257,1.1,289.6,3476.4,0.0,phishing
https://bit.ly/41dGMNh,opened_ok,allow,0.45,0.345,0.345,suspicious,2 + deep-analysis,low,url_shortener_host;login_intent,21.03,0.8,282.8,735.2,1.0,phishing
https://bit.ly/3Ey4I4Y,opened_ok,allow,0.45,0.345,0.345,suspicious,2 + deep-analysis,low,url_shortener_host;login_intent,26.72,3.0,278.4,354.3,1.0,phishing
https://bit.ly/3CFhqhZ,opened_ok,allow,0.45,0.345,0.345,suspicious,2 + deep-analysis,low,url_shortener_host;login_intent,35.279,3.4,296.7,414.3,1.0,phishing
https://correo.webmail.es/appsuite/login.html,opened_ok,warn,0.45,0.55,0.23,suspicious,2 + deep-analysis,medium,suspicious_path;password_field_present;login_intent;hidden_elements_count,20.222,0.9,296.7,386.2,0.0,phishing
https://bit.ly/40h0RAn,opened_ok,allow,0.45,0.345,0.345,suspicious,2 + deep-analysis,low,url_shortener_host;login_intent,24.183,2.1,279.9,570.0,1.0,phishing
https://bit.ly/3C758OY,opened_ok,allow,0.45,0.345,0.345,suspicious,2 + deep-analysis,low,url_shortener_host;login_intent,21.878,3.7,286.6,281.9,1.0,phishing
https://www.google.com.bn/amp/tiecteabreak.com/tmp/,opened_ok,warn,0.45,0.594,0.433,suspicious,2 + deep-analysis,medium,unknown_tld;lookalike_brand_domain;claimed_brand_in_url,17.499,1.8,283.5,267.4,0.0,phishing
https://tinyurl.com/walldoiys,opened_ok,allow,0.45,0.083,0.083,suspicious,2 + deep-analysis,medium,url_shortener_host;hidden_elements_count;external_script_count;excessive_iframes,18.753,0.8,301.8,14866.5,1.0,phishing
https://tinyurl.com/397hjzhv,opened_ok,allow,0.45,0.083,0.083,suspicious,2 + deep-analysis,medium,url_shortener_host;hidden_elements_count;external_script_count;excessive_iframes,23.963,0.7,291.2,11556.1,1.0,phishing
https://www.google.com.bn/url?fnc=a9XTEoexMBpyPYn99soX&ndp=m6lKEDZMuBIQeZn7RBkX&sa=t&pfuv=BY2IJKbokHGBEdfDSRyz&ncbe=tA02sXUJ4dkStFSKl5Bg&db=oBemf3zEg5VOxgJRxd3H&fg=SSndprYXntqQtLjEHziw&url=amp%2Ftiecteabreak.com/tmp/,opened_ok,warn,0.45,0.55,0.433,suspicious,2 + deep-analysis,medium,unknown_tld;lookalike_brand_domain;claimed_brand_in_url;redirect_chain,17.868,3.3,312.2,277.2,0.0,phishing
https://bit.ly/40qeHSk,opened_ok,allow,0.45,0.345,0.345,suspicious,2 + deep-analysis,low,url_shortener_host;login_intent,23.777,2.5,312.1,172.8,1.0,phishing
https://bit.ly/40JxOr5,opened_ok,allow,0.45,0.345,0.345,suspicious,2 + deep-analysis,low,url_shortener_host;login_intent,31.238,3.7,312.8,3082.9,1.0,phishing
https://web.archive.org/web/20241124121202/cloud.airbvs.com/mouhsiswxaxaz75bfn81qeho6lwbnndri9tvu7ey03vp88lum#bWJAbWFjaGJhci5nbWJo,opened_ok,warn,0.45,0.55,0.427,suspicious,2 + deep-analysis,medium,password_field_present;login_intent;obfuscated_content,20.009,0.7,284.2,579.2,0.0,phishing
https://bit.ly/4j3ZP3o,opened_ok,allow,0.45,0.345,0.345,suspicious,2 + deep-analysis,low,url_shortener_host;login_intent,19.6,4.2,312.1,197.6,1.0,phishing
https://campsite.bio/myattaccount,opened_ok,warn,0.45,0.55,0.383,suspicious,2 + deep-analysis,medium,unknown_tld;suspicious_path;credential_path_keywords;login_intent,24.734,1.0,292.3,52497.6,0.0,phishing
https://bit.ly/3CygwTJ,opened_ok,allow,0.45,0.345,0.345,suspicious,2 + deep-analysis,low,url_shortener_host;login_intent,24.482,2.7,289.8,1750.7,1.0,phishing
https://bit.ly/4fhZ4l8,opened_ok,allow,0.45,0.345,0.345,suspicious,2 + deep-analysis,low,url_shortener_host;login_intent,27.205,3.7,289.8,417.8,1.0,phishing
https://biolinky.co/advancelogin-247,opened_ok,warn,0.45,0.68,0.425,phishing,2 + deep-analysis,medium,suspicious_path;brand_impersonation;login_intent,27.223,1.1,289.8,6917.8,0.0,phishing
https://bit.ly/3Z040oW,opened_ok,allow,0.45,0.345,0.345,suspicious,2 + deep-analysis,low,url_shortener_host;login_intent,23.804,1.9,292.3,1796.7,1.0,phishing
https://tinyurl.com/298vq6nw,opened_ok,allow,0.45,0.083,0.083,suspicious,2 + deep-analysis,medium,url_shortener_host;hidden_elements_count;external_script_count;excessive_iframes,23.853,1.2,296.3,12253.4,1.0,phishing
https://bit.ly/pyplaccount,opened_ok,allow,0.45,0.345,0.345,suspicious,2 + deep-analysis,medium,suspicious_path;url_shortener_host;login_intent,22.433,1.1,297.4,1794.9,1.0,phishing
https://bit.ly/3BOE7iJ,opened_ok,allow,0.45,0.345,0.345,suspicious,2 + deep-analysis,low,url_shortener_host;login_intent,18.768,1.1,296.5,944.7,1.0,phishing
https://survey.zohopublic.eu/zs/yWCETU?zs_inviteid=5ab2801a9b96b82535c0376a98a1fc81c8a4e924625f7e97802cd107bdb310405fc78b120faba5c77d63141008f40163762f87eaabaab5c0d492b05257911edbc29b76314d09450f94fe9a33fecc823f4b3612806676aa441a7ce1bab57162f30d71fbc131ba7a6e533fdb0443a41180537dc67ebaf86ff29089401cfa58551b7c94d3bc4fe82f2af87d0b57f6eabb40103530fe918542dd1f95b4a66a3310ee9c43e05663716385470d2ae8caa08ca92ad9a9d3ca09993ef6fbfd214d8df113,opened_ok,warn,0.45,0.594,0.433,suspicious,2 + deep-analysis,medium,unknown_tld;lookalike_brand_domain;claimed_brand_in_url,22.437,1.6,299.4,1200.9,0.0,phishing
https://bit.ly/4h5cL8j,opened_ok,allow,0.45,0.345,0.345,suspicious,2 + deep-analysis,low,url_shortener_host;login_intent,14.623,2.1,299.4,446.6,1.0,phishing
https://bit.ly/3B7fX2L,opened_ok,allow,0.45,0.345,0.345,suspicious,2 + deep-analysis,low,url_shortener_host;login_intent,22.248,2.8,292.8,2421.0,1.0,phishing
https://admin-pip-ka.web.app/,opened_ok,warn,0.45,0.55,0.09,suspicious,2 + deep-analysis,medium,password_field_present;login_intent;external_script_count;obfuscated_content,22.472,1.1,305.3,658.5,0.0,phishing
https://bit.ly/4d9MVwQ,opened_ok,allow,0.45,0.345,0.345,suspicious,2 + deep-analysis,low,url_shortener_host;login_intent,25.669,3.7,302.6,379.5,1.0,phishing
https://account.beacons.ai/signin?originPage=home&sr=getprolicense&surl=https%253A%252F%252Fbeacons.ai%252Fgetprolicense&cta_location=header&cta_text=log_in&referral_type=page_visit&referring_user=getprolicense,opened_ok,block,0.05,0.9,,phishing,1,high,suspicious_path;domain_login_keyword;credential_keyword_in_subdomain;password_field_present;login_intent;credentials_on_unknown_target;external_script_count,84.416,1.1,227.6,14921.8,0,phishing
https://tinyurl.com/2vvct5cn,opened_ok,allow,0.45,0.083,0.083,suspicious,2 + deep-analysis,medium,url_shortener_host;hidden_elements_count;external_script_count;excessive_iframes,29.142,0.9,284.8,16385.1,1,phishing
https://accounts.google.com/v3/signin/identifier?continue=https://drive.google.com/file/d/17GAdRTuFpI-wO_v0zDkgg8FhVFCZdiR5/view&ec=GAZAGQ&followup=https://drive.google.com/file/d/17GAdRTuFpI-wO_v0zDkgg8FhVFCZdiR5/view&osid=1&passive=1209600&service=wise&flowName=GlifWebSignIn&flowEntry=ServiceLogin&dsh=S-1691642499:1790613804931020,opened_ok,continue_monitoring,0.832,0.213,,suspicious,1,medium,suspicious_path;domain_login_keyword;password_field_present;login_intent,2.892,1.3,188.1,2867.7,1,phishing
https://www.powr.io/signin?utm_src=watermark-photo-gallery,opened_ok,warn,0.45,0.55,0.279,suspicious,2 + deep-analysis,medium,suspicious_path;password_field_present;login_intent;hidden_elements_count;external_script_count,24.022,1.1,270.3,25999.2,0,phishing
https://bit.ly/3ZlNGQa,opened_ok,allow,0.45,0.345,0.345,suspicious,2 + deep-analysis,low,url_shortener_host;login_intent,21.323,3.7,302.2,339.2,1.0,phishing
https://bit.ly/3zaXvWn,opened_ok,allow,0.45,0.345,0.345,suspicious,2 + deep-analysis,low,url_shortener_host;login_intent,18.434,4.6,292.8,332.3,1.0,phishing
https://www.powr.io/signin?utm_src=watermark-form-builder,opened_ok,warn,0.45,0.55,0.279,suspicious,2 + deep-analysis,medium,suspicious_path;password_field_present;login_intent;hidden_elements_count;external_script_count,20.642,0.8,268.5,26584.0,0,phishing
https://qrcodeveloper.com/sign-in?ownerLogin=true,opened_ok,continue_monitoring,0.926,0.187,,suspicious,1,high,password_field_present;external_script_count,10.006,1.1,226.2,10233.8,1,phishing
https://tinyurl.com/24npdepv,opened_ok,allow,0.45,0.083,0.083,suspicious,2 + deep-analysis,medium,url_shortener_host;hidden_elements_count;external_script_count;excessive_iframes,24.162,1.0,278.6,9014.5,1.0,phishing
https://login.mailchimp.com/?locale=en,opened_ok,warn,0.45,0.55,0.121,phishing,2 + deep-analysis,medium,domain_login_keyword;credential_keyword_in_subdomain;login_intent;hidden_elements_count;external_script_count;excessive_iframes,16.976,1.1,313.9,14764.0,0,phishing
https://bit.ly/3zmzc84,opened_ok,allow,0.45,0.345,0.345,suspicious,2 + deep-analysis,low,url_shortener_host;login_intent,23.174,3.7,318.1,369.9,1.0,phishing
https://www.dropbox.com/scl/fi/go6k4srgdg09amsr6jcio/Untitled-4.paper,opened_ok,continue_monitoring,0.936,0.157,,suspicious,1,high,password_field_present;excessive_iframes,2.049,1.4,299.9,21021.2,1,phishing
https://rjjohnson.net/webverify/fased.html,opened_ok,continue_monitoring,0.88,0.217,,suspicious,1,high,suspicious_path;password_field_present,10.069,1.2,193.8,486.3,1,phishing
https://bit.ly/4dhIbFe,opened_ok,allow,0.45,0.345,0.345,suspicious,2 + deep-analysis,low,url_shortener_host;login_intent,19.424,3.7,300.7,445.7,1.0,phishing
https://bit.ly/3ZqaCgU,opened_ok,allow,0.45,0.345,0.345,suspicious,2 + deep-analysis,low,url_shortener_host;login_intent,16.17,3.7,305.0,467.5,1.0,phishing
https://rjjohnson.net/webverify/fased.html#email@address.hu,opened_ok,continue_monitoring,0.88,0.217,,suspicious,1,high,suspicious_path;password_field_present,6.633,1.1,193.7,587.0,1,phishing
https://tinyurl.com/2hwpfjb9,opened_ok,allow,0.45,0.083,0.083,suspicious,2 + deep-analysis,medium,url_shortener_host;hidden_elements_count;external_script_count;excessive_iframes,21.846,1.1,282.2,7151.0,1.0,phishing
https://bit.ly/3VS3yHc,opened_ok,allow,0.45,0.345,0.345,suspicious,2 + deep-analysis,low,url_shortener_host;login_intent,22.831,3.1,280.6,235.8,1.0,phishing
https://tinyurl.com/3buyty6v,opened_ok,allow,0.45,0.083,0.083,suspicious,2 + deep-analysis,medium,url_shortener_host;hidden_elements_count;external_script_count;excessive_iframes,24.488,0.7,209.1,3053.5,1.0,phishing
https://tinyurl.com/8exfx9zr,opened_ok,allow,0.45,0.083,0.083,suspicious,2 + deep-analysis,medium,url_shortener_host;hidden_elements_count;external_script_count;excessive_iframes,24.657,1.2,289.9,3408.3,1.0,phishing
https://tinyurl.com/2s3b8pbz,opened_ok,allow,0.45,0.083,0.083,suspicious,2 + deep-analysis,medium,url_shortener_host;hidden_elements_count;external_script_count;excessive_iframes,26.586,1.1,291.7,3559.5,1.0,phishing
https://tinyurl.com/52ujme9b,opened_ok,allow,0.45,0.083,0.083,suspicious,2 + deep-analysis,medium,url_shortener_host;hidden_elements_count;external_script_count;excessive_iframes,21.027,1.3,293.7,3497.4,1.0,phishing
https://tinyurl.com/e7exuktd,opened_ok,allow,0.45,0.083,0.083,suspicious,2 + deep-analysis,medium,url_shortener_host;hidden_elements_count;external_script_count;excessive_iframes,23.584,1.1,279.7,3434.7,1.0,phishing
https://tinyurl.com/5afr68dd,opened_ok,allow,0.45,0.083,0.083,suspicious,2 + deep-analysis,medium,url_shortener_host;hidden_elements_count;external_script_count;excessive_iframes,23.018,1.1,280.0,5068.2,1.0,phishing
https://tinyurl.com/5997p2yt,opened_ok,allow,0.45,0.083,0.083,suspicious,2 + deep-analysis,medium,url_shortener_host;hidden_elements_count;external_script_count;excessive_iframes,20.231,0.8,283.3,3535.0,1.0,phishing
https://tinyurl.com/mopextra,opened_ok,allow,0.45,0.083,0.083,suspicious,2 + deep-analysis,medium,url_shortener_host;hidden_elements_count;external_script_count;excessive_iframes,28.095,1.4,278.3,3510.2,1.0,phishing
https://tinyurl.com/0x9hi2,opened_ok,allow,0.45,0.083,0.083,suspicious,2 + deep-analysis,medium,url_shortener_host;hidden_elements_count;external_script_count;excessive_iframes,22.978,1.0,258.0,2994.1,1.0,phishing
https://tinyurl.com/gonderisorgula,opened_ok,allow,0.45,0.083,0.083,suspicious,2 + deep-analysis,medium,url_shortener_host;hidden_elements_count;external_script_count;excessive_iframes,26.565,0.8,290.6,4423.1,1.0,phishing
https://tinyurl.com/sh534sxx,opened_ok,allow,0.45,0.083,0.083,suspicious,2 + deep-analysis,medium,url_shortener_host;hidden_elements_count;external_script_count;excessive_iframes,22.07,1.4,279.7,3735.4,1.0,phishing
https://tinyurl.com/updateremote,opened_ok,allow,0.45,0.083,0.083,suspicious,2 + deep-analysis,medium,suspicious_path;url_shortener_host;hidden_elements_count;external_script_count;excessive_iframes,30.297,1.1,294.4,5289.0,1.0,phishing
https://tinyurl.com/mrydhwc2,opened_ok,allow,0.45,0.083,0.083,suspicious,2 + deep-analysis,medium,url_shortener_host;hidden_elements_count;external_script_count;excessive_iframes,31.906,1.6,296.1,3585.6,1.0,phishing
https://tinyurl.com/457p2shz,opened_ok,allow,0.45,0.083,0.083,suspicious,2 + deep-analysis,medium,url_shortener_host;hidden_elements_count;external_script_count;excessive_iframes,29.446,1.4,297.8,6803.0,1.0,phishing
https://tinyurl.com/3j458fuy,opened_ok,allow,0.45,0.083,0.083,suspicious,2 + deep-analysis,medium,url_shortener_host;hidden_elements_count;external_script_count;excessive_iframes,19.219,1.4,275.1,6817.6,1.0,phishing
https://tinyurl.com/yt92fc3c,opened_ok,allow,0.45,0.083,0.083,suspicious,2 + deep-analysis,medium,url_shortener_host;hidden_elements_count;external_script_count;excessive_iframes,22.975,1.5,274.3,5770.3,1.0,phishing
https://tinyurl.com/bdexpc9d,opened_ok,allow,0.45,0.083,0.083,suspicious,2 + deep-analysis,medium,url_shortener_host;hidden_elements_count;external_script_count;excessive_iframes,24.495,1.4,284.5,7105.1,1.0,phishing
https://tinyurl.com/57svuprn,opened_ok,allow,0.45,0.083,0.083,suspicious,2 + deep-analysis,medium,url_shortener_host;hidden_elements_count;external_script_count;excessive_iframes,15.022,1.5,304.1,7166.1,1.0,phishing
https://tinyurl.com/YTVelocityCU,opened_ok,allow,0.45,0.083,0.083,suspicious,2 + deep-analysis,medium,url_shortener_host;hidden_elements_count;external_script_count;excessive_iframes,22.151,1.0,284.6,3666.3,1.0,phishing
https://tinyurl.com/autorizathionrutop,opened_ok,allow,0.45,0.083,0.083,suspicious,2 + deep-analysis,medium,url_shortener_host;hidden_elements_count;external_script_count;excessive_iframes,22.335,1.5,300.0,4848.6,1.0,phishing
https://tinyurl.com/ilcarmil,opened_ok,allow,0.45,0.083,0.083,suspicious,2 + deep-analysis,medium,url_shortener_host;hidden_elements_count;external_script_count;excessive_iframes,20.89,1.1,214.9,3052.3,1.0,phishing
https://tinyurl.com/24rvrrbj,opened_ok,allow,0.45,0.083,0.083,suspicious,2 + deep-analysis,medium,url_shortener_host;hidden_elements_count;external_script_count;excessive_iframes,20.586,1.2,278.7,7775.6,1.0,phishing
https://tinyurl.com/3we563as,opened_ok,allow,0.45,0.083,0.083,suspicious,2 + deep-analysis,medium,url_shortener_host;hidden_elements_count;external_script_count;excessive_iframes,25.235,1.6,286.5,4967.2,1.0,phishing
https://tinyurl.com/32bhu58c,opened_ok,allow,0.45,0.083,0.083,suspicious,2 + deep-analysis,medium,url_shortener_host;hidden_elements_count;external_script_count;excessive_iframes,24.095,1.1,213.5,5567.9,1.0,phishing
https://tinyurl.com/nkphpzc6,opened_ok,allow,0.45,0.083,0.083,suspicious,2 + deep-analysis,medium,url_shortener_host;hidden_elements_count;external_script_count;excessive_iframes,26.141,0.8,212.6,5713.4,1.0,phishing
https://tinyurl.com/mrxmmbex,opened_ok,allow,0.45,0.083,0.083,suspicious,2 + deep-analysis,medium,url_shortener_host;hidden_elements_count;external_script_count;excessive_iframes,22.996,1.6,274.6,5918.7,1.0,phishing
https://tinyurl.com/yr5fjsdp,opened_ok,allow,0.45,0.083,0.083,suspicious,2 + deep-analysis,medium,url_shortener_host;hidden_elements_count;external_script_count;excessive_iframes,21.586,0.8,292.5,8472.8,1.0,phishing
https://tinyurl.com/w9rmwzdj,opened_ok,allow,0.45,0.083,0.083,suspicious,2 + deep-analysis,medium,url_shortener_host;hidden_elements_count;external_script_count;excessive_iframes,23.437,1.3,298.1,3889.3,1.0,phishing
https://tinyurl.com/ycytkd7m,opened_ok,allow,0.45,0.083,0.083,suspicious,2 + deep-analysis,medium,url_shortener_host;hidden_elements_count;external_script_count;excessive_iframes,28.379,1.4,297.0,3803.8,1.0,phishing
https://tinyurl.com/2vym5x9h,opened_ok,allow,0.45,0.083,0.083,suspicious,2 + deep-analysis,medium,url_shortener_host;hidden_elements_count;external_script_count;excessive_iframes,21.262,1.4,287.0,5203.8,1.0,phishing
https://tinyurl.com/muzmrvw3,opened_ok,allow,0.45,0.083,0.083,suspicious,2 + deep-analysis,medium,url_shortener_host;hidden_elements_count;external_script_count;excessive_iframes,22.059,1.2,272.3,4131.2,1.0,phishing
https://tinyurl.com/3bxxsetc#x@x.com,opened_ok,allow,0.45,0.083,0.083,suspicious,2 + deep-analysis,medium,url_shortener_host;hidden_elements_count;external_script_count;excessive_iframes,22.577,1.4,274.0,3330.6,1.0,phishing
https://tinyurl.com/ymadbr3y,opened_ok,allow,0.45,0.083,0.083,suspicious,2 + deep-analysis,medium,url_shortener_host;hidden_elements_count;external_script_count;excessive_iframes,16.2,0.8,278.8,7330.1,1.0,phishing
https://tinyurl.com/4cuudhjh,opened_ok,allow,0.45,0.083,0.083,suspicious,2 + deep-analysis,medium,url_shortener_host;hidden_elements_count;external_script_count;excessive_iframes,22.529,1.1,279.7,7470.6,1.0,phishing
https://tinyurl.com/auth-agent-view,opened_ok,allow,0.45,0.083,0.083,suspicious,2 + deep-analysis,medium,url_shortener_host;hidden_elements_count;external_script_count;excessive_iframes,23.09,1.4,282.4,3753.2,1.0,phishing
https://tinyurl.com/59ashnns,opened_ok,allow,0.45,0.083,0.083,suspicious,2 + deep-analysis,medium,url_shortener_host;hidden_elements_count;external_script_count;excessive_iframes,16.817,1.4,272.4,6835.1,1.0,phishing
https://tinyurl.com/4sfusued,opened_ok,allow,0.45,0.083,0.083,suspicious,2 + deep-analysis,medium,url_shortener_host;hidden_elements_count;external_script_count;excessive_iframes,31.264,1.6,286.8,10371.2,1.0,phishing
https://tinyurl.com/295jskjp,opened_ok,allow,0.45,0.083,0.083,suspicious,2 + deep-analysis,medium,url_shortener_host;hidden_elements_count;external_script_count;excessive_iframes,22.677,1.1,277.2,10606.7,1.0,phishing
https://tinyurl.com/2sry5hze,opened_ok,allow,0.45,0.083,0.083,suspicious,2 + deep-analysis,medium,url_shortener_host;hidden_elements_count;external_script_count;excessive_iframes,22.886,1.4,295.3,5107.2,1.0,phishing
https://tinyurl.com/fidelity-alert,opened_ok,allow,0.45,0.083,0.083,suspicious,2 + deep-analysis,medium,url_shortener_host;hidden_elements_count;external_script_count;excessive_iframes,21.709,1.6,309.9,12509.8,1.0,phishing
https://tinyurl.com/ywzsn7rm,opened_ok,allow,0.45,0.083,0.083,suspicious,2 + deep-analysis,medium,url_shortener_host;hidden_elements_count;external_script_count;excessive_iframes,20.846,1.2,278.1,8120.2,1.0,phishing
https://tinyurl.com/d4b7syu6,opened_ok,allow,0.45,0.083,0.083,suspicious,2 + deep-analysis,medium,url_shortener_host;hidden_elements_count;external_script_count;excessive_iframes,21.446,1.3,279.3,6253.9,1.0,phishing
https://tinyurl.com/57a6bnc7,opened_ok,allow,0.45,0.083,0.083,suspicious,2 + deep-analysis,medium,url_shortener_host;hidden_elements_count;external_script_count;excessive_iframes,25.362,0.8,285.8,8279.2,1.0,phishing
https://tinyurl.com/2shva5rr,opened_ok,allow,0.45,0.083,0.083,suspicious,2 + deep-analysis,medium,url_shortener_host;hidden_elements_count;external_script_count;excessive_iframes,23.808,1.6,272.5,6091.9,1.0,phishing
https://tinyurl.com/sdjshjdh69A,opened_ok,allow,0.45,0.083,0.083,suspicious,2 + deep-analysis,medium,url_shortener_host;hidden_elements_count;external_script_count;excessive_iframes,20.654,1.1,279.0,4103.5,1.0,phishing
https://tinyurl.com/239dwwvu,opened_ok,allow,0.45,0.083,0.083,suspicious,2 + deep-analysis,medium,url_shortener_host;hidden_elements_count;external_script_count;excessive_iframes,24.657,1.5,260.3,10991.8,1.0,phishing
https://tinyurl.com/fideltyverifaccphpxxe,opened_ok,allow,0.45,0.083,0.083,suspicious,2 + deep-analysis,medium,url_shortener_host;hidden_elements_count;external_script_count;excessive_iframes,30.874,1.2,290.7,8776.7,1.0,phishing
https://tinyurl.com/35tus44y,opened_ok,allow,0.45,0.083,0.083,suspicious,2 + deep-analysis,medium,url_shortener_host;hidden_elements_count;external_script_count;excessive_iframes,23.531,1.4,282.8,3580.7,1.0,phishing
https://tinyurl.com/2cksx4ds,opened_ok,allow,0.45,0.083,0.083,suspicious,2 + deep-analysis,medium,url_shortener_host;hidden_elements_count;external_script_count;excessive_iframes,23.591,1.5,290.6,6986.6,1.0,phishing
https://tinyurl.com/bd3uach5,opened_ok,allow,0.45,0.083,0.083,suspicious,2 + deep-analysis,medium,url_shortener_host;hidden_elements_count;external_script_count;excessive_iframes,23.066,1.3,278.4,8274.2,1.0,phishing
https://tinyurl.com/ytrvte76,opened_ok,allow,0.45,0.083,0.083,suspicious,2 + deep-analysis,medium,url_shortener_host;hidden_elements_count;external_script_count;excessive_iframes,24.527,1.3,280.9,4286.9,1.0,phishing
https://tinyurl.com/3huh9jyy,opened_ok,allow,0.45,0.083,0.083,suspicious,2 + deep-analysis,medium,url_shortener_host;hidden_elements_count;external_script_count;excessive_iframes,23.606,1.4,282.6,3453.7,1.0,phishing
https://tinyurl.com/HotelCLoudbedsOnline,opened_ok,allow,0.45,0.083,0.083,suspicious,2 + deep-analysis,medium,url_shortener_host;hidden_elements_count;external_script_count;excessive_iframes,20.507,1.4,284.4,8748.7,1.0,phishing
https://tinyurl.com/anrjpdm7,opened_ok,allow,0.45,0.083,0.083,suspicious,2 + deep-analysis,medium,url_shortener_host;hidden_elements_count;external_script_count;excessive_iframes,28.786,1.2,278.8,9315.5,1.0,phishing
https://tinyurl.com/yvp3j27m,opened_ok,allow,0.45,0.083,0.083,suspicious,2 + deep-analysis,medium,url_shortener_host;hidden_elements_count;external_script_count;excessive_iframes,41.454,1.6,273.3,3497.4,1.0,phishing
https://tinyurl.com/1uu5hjuk,opened_ok,allow,0.45,0.083,0.083,suspicious,2 + deep-analysis,medium,url_shortener_host;hidden_elements_count;external_script_count;excessive_iframes,21.637,1.1,284.2,3839.0,1.0,phishing
https://tinyurl.com/2n5b2nzf,opened_ok,allow,0.45,0.083,0.083,suspicious,2 + deep-analysis,medium,url_shortener_host;hidden_elements_count;external_script_count;excessive_iframes,18.072,1.3,278.3,6619.5,1.0,phishing
https://tinyurl.com/4636d48p,opened_ok,allow,0.45,0.083,0.083,suspicious,2 + deep-analysis,medium,url_shortener_host;hidden_elements_count;external_script_count;excessive_iframes,22.685,1.1,290.8,4019.5,1.0,phishing
https://tinyurl.com/mrz7868j,opened_ok,allow,0.45,0.083,0.083,suspicious,2 + deep-analysis,medium,url_shortener_host;hidden_elements_count;external_script_count;excessive_iframes,22.591,1.1,293.6,6900.4,1.0,phishing
https://tinyurl.com/5x65928u,opened_ok,allow,0.45,0.083,0.083,suspicious,2 + deep-analysis,medium,url_shortener_host;hidden_elements_count;external_script_count;excessive_iframes,20.17,1.1,288.6,3954.6,1.0,phishing
https://tinyurl.com/iuvjkjh,opened_ok,allow,0.45,0.083,0.083,suspicious,2 + deep-analysis,medium,url_shortener_host;hidden_elements_count;external_script_count;excessive_iframes,20.327,0.8,294.8,10425.6,1.0,phishing
https://tinyurl.com/32rry8dn,opened_ok,allow,0.45,0.083,0.083,suspicious,2 + deep-analysis,medium,url_shortener_host;hidden_elements_count;external_script_count;excessive_iframes,20.958,0.8,286.1,8577.8,1.0,phishing
https://tinyurl.com/33cn35xh,opened_ok,allow,0.45,0.083,0.083,suspicious,2 + deep-analysis,medium,url_shortener_host;hidden_elements_count;external_script_count;excessive_iframes,23.695,1.4,277.1,4039.4,1.0,phishing
https://tinyurl.com/29wdda6r,opened_ok,allow,0.45,0.083,0.083,suspicious,2 + deep-analysis,medium,url_shortener_host;hidden_elements_count;external_script_count;excessive_iframes,23.523,0.8,284.8,19513.4,1.0,phishing
https://tinyurl.com/35wtafkk,opened_ok,allow,0.45,0.083,0.083,suspicious,2 + deep-analysis,medium,url_shortener_host;hidden_elements_count;external_script_count;excessive_iframes,21.815,0.8,297.4,16651.7,1.0,phishing
https://tinyurl.com/yv4spf4v,opened_ok,allow,0.45,0.083,0.083,suspicious,2 + deep-analysis,medium,url_shortener_host;hidden_elements_count;external_script_count;excessive_iframes,23.354,0.8,286.0,13011.9,1.0,phishing
https://tinyurl.com/mrybpwrs,opened_ok,allow,0.45,0.083,0.083,suspicious,2 + deep-analysis,medium,url_shortener_host;hidden_elements_count;external_script_count;excessive_iframes,22.469,1.8,302.5,6951.2,1.0,phishing
https://tinyurl.com/lio-oli,opened_ok,allow,0.45,0.083,0.083,suspicious,2 + deep-analysis,medium,url_shortener_host;hidden_elements_count;external_script_count;excessive_iframes,24.972,1.7,284.7,6974.2,1.0,phishing
https://tinyurl.com/yeyw9wzr,opened_ok,allow,0.45,0.083,0.083,suspicious,2 + deep-analysis,medium,url_shortener_host;hidden_elements_count;external_script_count;excessive_iframes,16.095,1.5,280.6,3674.2,1.0,phishing
https://tinyurl.com/2smdjn8f,opened_ok,allow,0.45,0.083,0.083,suspicious,2 + deep-analysis,medium,url_shortener_host;hidden_elements_count;external_script_count;excessive_iframes,25.041,1.4,278.8,11756.8,1.0,phishing
https://tinyurl.com/sunsaleezy,opened_ok,allow,0.45,0.083,0.083,suspicious,2 + deep-analysis,medium,url_shortener_host;hidden_elements_count;external_script_count;excessive_iframes,20.826,1.5,282.4,7360.6,1.0,phishing
https://tinyurl.com/55r2zus3,opened_ok,allow,0.45,0.083,0.083,suspicious,2 + deep-analysis,medium,url_shortener_host;hidden_elements_count;external_script_count;excessive_iframes,22.998,1.5,281.4,6077.3,1.0,phishing
https://tinyurl.com/5ffx9cnj,opened_ok,allow,0.45,0.083,0.083,suspicious,2 + deep-analysis,medium,url_shortener_host;hidden_elements_count;external_script_count;excessive_iframes,26.505,1.5,288.4,5144.9,1.0,phishing
https://tinyurl.com/reviewcancellation,opened_ok,allow,0.45,0.083,0.083,suspicious,2 + deep-analysis,medium,url_shortener_host;hidden_elements_count;external_script_count;excessive_iframes,22.347,1.4,289.6,5146.6,1.0,phishing
https://tinyurl.com/4rbwjb6a/8O0c0b5pid2mpkp0-5hba4302nbe0f1132009t00001,opened_ok,allow,0.45,0.083,0.083,suspicious,2 + deep-analysis,medium,url_shortener_host;hidden_elements_count;external_script_count;excessive_iframes,21.618,1.3,275.4,6795.6,1.0,phishing
https://tinyurl.com/5n82t6b2,opened_ok,allow,0.45,0.083,0.083,suspicious,2 + deep-analysis,medium,url_shortener_host;hidden_elements_count;external_script_count;excessive_iframes,20.235,0.8,294.8,22401.4,1.0,phishing
https://tinyurl.com/2s3syv7b,opened_ok,allow,0.45,0.083,0.083,suspicious,2 + deep-analysis,medium,url_shortener_host;hidden_elements_count;external_script_count;excessive_iframes,17.99,0.8,295.1,6170.9,1.0,phishing
https://tinyurl.com/sdfghjkldfgikl,opened_ok,allow,0.45,0.083,0.083,suspicious,2 + deep-analysis,medium,url_shortener_host;hidden_elements_count;external_script_count;excessive_iframes,15.457,1.4,299.8,9893.7,1.0,phishing
https://tinyurl.com/dfghujdfyhik,opened_ok,allow,0.45,0.083,0.083,suspicious,2 + deep-analysis,medium,url_shortener_host;hidden_elements_count;external_script_count;excessive_iframes,21.573,1.2,286.3,7897.5,1.0,phishing
https://tinyurl.com/ykkc3e23,opened_ok,allow,0.45,0.083,0.083,suspicious,2 + deep-analysis,medium,url_shortener_host;hidden_elements_count;external_script_count;excessive_iframes,23.911,1.1,278.4,6639.2,1.0,phishing
https://tinyurl.com/5x4awepu,opened_ok,allow,0.45,0.083,0.083,suspicious,2 + deep-analysis,medium,url_shortener_host;hidden_elements_count;external_script_count;excessive_iframes,23.107,1.3,275.1,4691.3,1.0,phishing
https://tinyurl.com/labradorcompany,opened_ok,allow,0.45,0.083,0.083,suspicious,2 + deep-analysis,medium,url_shortener_host;hidden_elements_count;external_script_count;excessive_iframes,23.762,1.1,299.3,4247.7,1.0,phishing
https://tinyurl.com/mr3fts25,opened_ok,allow,0.45,0.083,0.083,suspicious,2 + deep-analysis,medium,url_shortener_host;hidden_elements_count;external_script_count;excessive_iframes,28.623,0.8,296.7,12244.7,1.0,phishing
https://tinyurl.com/mpzpyvrt,opened_ok,allow,0.45,0.083,0.083,suspicious,2 + deep-analysis,medium,url_shortener_host;hidden_elements_count;external_script_count;excessive_iframes,21.981,1.4,296.9,10364.6,1.0,phishing
https://tinyurl.com/mty6kh3s,opened_ok,allow,0.45,0.083,0.083,suspicious,2 + deep-analysis,medium,url_shortener_host;hidden_elements_count;external_script_count;excessive_iframes,24.494,1.4,282.1,9238.0,1.0,phishing
https://tinyurl.com/dhgscvffsz,opened_ok,allow,0.45,0.083,0.083,suspicious,2 + deep-analysis,medium,url_shortener_host;hidden_elements_count;external_script_count;excessive_iframes,20.193,0.8,281.9,12397.2,1.0,phishing
https://www.portaldasfinancas.gov.pt/pf/html/indisponivel.html,opened_ok,allow,0.45,0.083,0.083,suspicious,2 + deep-analysis,low,no_suspicious_signals_detected,21.8,0.8,222.3,674.3,1.0,phishing
https://tinyurl.com/sirt7wa,opened_ok,allow,0.45,0.083,0.083,suspicious,2 + deep-analysis,medium,url_shortener_host;hidden_elements_count;external_script_count;excessive_iframes,23.328,1.5,286.6,8059.5,1.0,phishing
https://tinyurl.com/courier91guy,opened_ok,allow,0.45,0.083,0.083,suspicious,2 + deep-analysis,medium,url_shortener_host;hidden_elements_count;external_script_count;excessive_iframes,23.493,1.2,250.2,9956.2,1.0,phishing
https://tinyurl.com/59xex2rx,opened_ok,allow,0.45,0.083,0.083,suspicious,2 + deep-analysis,medium,url_shortener_host;hidden_elements_count;external_script_count;excessive_iframes,19.846,1.6,250.4,9953.0,1.0,phishing
https://tinyurl.com/reactivatingaccounts,opened_ok,warn,0.45,0.55,0.093,suspicious,2 + deep-analysis,medium,suspicious_path;url_shortener_host;login_intent;hidden_elements_count;external_script_count;excessive_iframes,23.722,0.8,286.8,14802.3,0.0,phishing
https://tinyurl.com/e44b4rfe,opened_ok,allow,0.45,0.083,0.083,suspicious,2 + deep-analysis,medium,url_shortener_host;hidden_elements_count;external_script_count;excessive_iframes,24.201,1.3,274.2,6646.3,1.0,phishing
https://tinyurl.com/326mua89,opened_ok,allow,0.45,0.083,0.083,suspicious,2 + deep-analysis,medium,url_shortener_host;hidden_elements_count;external_script_count;excessive_iframes,22.014,1.4,295.3,3823.3,1.0,phishing
https://tinyurl.com/3jzu3r7x,opened_ok,allow,0.45,0.083,0.083,suspicious,2 + deep-analysis,medium,url_shortener_host;hidden_elements_count;external_script_count;excessive_iframes,29.729,0.8,283.0,5742.9,1.0,phishing
https://tinyurl.com/472etu3r,opened_ok,allow,0.45,0.083,0.083,suspicious,2 + deep-analysis,medium,url_shortener_host;hidden_elements_count;external_script_count;excessive_iframes,22.229,1.3,287.6,8493.9,1.0,phishing
https://tinyurl.com/mwk5h2fc,opened_ok,allow,0.45,0.083,0.083,suspicious,2 + deep-analysis,medium,url_shortener_host;hidden_elements_count;external_script_count;excessive_iframes,21.858,1.1,286.8,13204.7,1.0,phishing
https://tinyurl.com/mutapukt,opened_ok,allow,0.45,0.083,0.083,suspicious,2 + deep-analysis,medium,url_shortener_host;hidden_elements_count;external_script_count;excessive_iframes,24.15,1.1,288.3,14936.6,1.0,phishing
https://tinyurl.com/3etepwnt,opened_ok,allow,0.45,0.083,0.083,suspicious,2 + deep-analysis,medium,url_shortener_host;hidden_elements_count;external_script_count;excessive_iframes,47.25,1.3,221.7,8480.9,1.0,phishing
https://tinyurl.com/3stvwzv2,opened_ok,allow,0.45,0.083,0.083,suspicious,2 + deep-analysis,medium,url_shortener_host;hidden_elements_count;external_script_count;excessive_iframes,20.722,1.6,285.9,4657.8,1.0,phishing
https://tinyurl.com/msacrvmp,opened_ok,allow,0.45,0.083,0.083,suspicious,2 + deep-analysis,medium,url_shortener_host;hidden_elements_count;external_script_count;excessive_iframes,17.482,1.2,280.3,7170.9,1.0,phishing
https://tinyurl.com/4zvd4nks,opened_ok,allow,0.45,0.083,0.083,suspicious,2 + deep-analysis,medium,url_shortener_host;hidden_elements_count;external_script_count;excessive_iframes,17.964,0.7,296.6,10909.6,1.0,phishing
https://tinyurl.com/kha7zh9n,opened_ok,allow,0.45,0.083,0.083,suspicious,2 + deep-analysis,medium,url_shortener_host;hidden_elements_count;external_script_count;excessive_iframes,24.849,1.1,282.2,7813.5,1.0,phishing
https://tinyurl.com/dfghjkdfghjk,opened_ok,allow,0.45,0.083,0.083,suspicious,2 + deep-analysis,medium,url_shortener_host;hidden_elements_count;external_script_count;excessive_iframes,17.245,1.4,304.8,4624.5,1.0,phishing
https://tinyurl.com/teistraa,opened_ok,allow,0.45,0.083,0.083,suspicious,2 + deep-analysis,medium,url_shortener_host;hidden_elements_count;external_script_count;excessive_iframes,20.553,1.5,286.7,4096.2,1.0,phishing
https://tinyurl.com/5ar8p82u,opened_ok,allow,0.45,0.083,0.083,suspicious,2 + deep-analysis,medium,url_shortener_host;hidden_elements_count;external_script_count;excessive_iframes,21.135,1.5,298.0,9603.8,1.0,phishing
https://tinyurl.com/TheCourierGuy2025,opened_ok,allow,0.45,0.083,0.083,suspicious,2 + deep-analysis,medium,url_shortener_host;hidden_elements_count;external_script_count;excessive_iframes,24.973,1.6,275.6,9636.9,1.0,phishing
https://tinyurl.com/4ewt6p9a,opened_ok,allow,0.45,0.083,0.083,suspicious,2 + deep-analysis,medium,url_shortener_host;hidden_elements_count;external_script_count;excessive_iframes,18.651,1.2,281.2,10283.4,1.0,phishing
https://tinyurl.com/27p28ekv,opened_ok,allow,0.45,0.083,0.083,suspicious,2 + deep-analysis,medium,url_shortener_host;hidden_elements_count;external_script_count;excessive_iframes,23.484,1.4,274.7,6475.4,1.0,phishing
https://tinyurl.com/mr3xmh63,opened_ok,allow,0.45,0.083,0.083,suspicious,2 + deep-analysis,medium,url_shortener_host;hidden_elements_count;external_script_count;excessive_iframes,20.567,0.8,294.1,8798.6,1.0,phishing
https://tinyurl.com/3sj5ftc4,opened_ok,allow,0.45,0.083,0.083,suspicious,2 + deep-analysis,medium,url_shortener_host;hidden_elements_count;external_script_count;excessive_iframes,24.658,1.3,274.5,6414.0,1.0,phishing
https://tinyurl.com/2w3mecv2,opened_ok,allow,0.45,0.083,0.083,suspicious,2 + deep-analysis,medium,url_shortener_host;hidden_elements_count;external_script_count;excessive_iframes,22.461,1.1,282.5,9553.0,1.0,phishing
https://tinyurl.com/5ytmw7kv,opened_ok,allow,0.45,0.083,0.083,suspicious,2 + deep-analysis,medium,url_shortener_host;hidden_elements_count;external_script_count;excessive_iframes,24.283,1.1,279.0,15042.2,1.0,phishing
https://tinyurl.com/5e4d3759,opened_ok,allow,0.45,0.083,0.083,suspicious,2 + deep-analysis,medium,url_shortener_host;hidden_elements_count;external_script_count;excessive_iframes,23.817,1.1,274.1,9204.8,1.0,phishing
https://tinyurl.com/2fert9m3,opened_ok,allow,0.45,0.083,0.083,suspicious,2 + deep-analysis,medium,url_shortener_host;hidden_elements_count;external_script_count;excessive_iframes,20.916,1.1,288.6,9238.1,1.0,phishing
https://tinyurl.com/bd4mf472,opened_ok,allow,0.45,0.083,0.083,suspicious,2 + deep-analysis,medium,url_shortener_host;hidden_elements_count;external_script_count;excessive_iframes,23.185,1.4,298.7,10745.3,1.0,phishing
https://tinyurl.com/235pea24,opened_ok,allow,0.45,0.083,0.083,suspicious,2 + deep-analysis,medium,url_shortener_host;hidden_elements_count;external_script_count;excessive_iframes,20.219,1.3,273.4,5335.5,1.0,phishing
https://tinyurl.com/n3ska27,opened_ok,allow,0.45,0.083,0.083,suspicious,2 + deep-analysis,medium,url_shortener_host;hidden_elements_count;external_script_count;excessive_iframes,22.082,0.8,287.9,13967.9,1.0,phishing
https://tinyurl.com/3krntb6n,opened_ok,allow,0.45,0.083,0.083,suspicious,2 + deep-analysis,medium,url_shortener_host;hidden_elements_count;external_script_count;excessive_iframes,22.005,1.1,291.5,15339.5,1.0,phishing
https://tinyurl.com/2n5px4p2,opened_ok,allow,0.45,0.083,0.083,suspicious,2 + deep-analysis,medium,url_shortener_host;hidden_elements_count;external_script_count;excessive_iframes,19.761,1.1,288.6,15373.7,1.0,phishing
https://tinyurl.com/3ck3erkr,opened_ok,allow,0.45,0.083,0.083,suspicious,2 + deep-analysis,medium,url_shortener_host;hidden_elements_count;external_script_count;excessive_iframes,24.487,1.4,273.4,4098.3,1.0,phishing
https://tinyurl.com/wjdmh8w6,opened_ok,allow,0.45,0.083,0.083,suspicious,2 + deep-analysis,medium,url_shortener_host;hidden_elements_count;external_script_count;excessive_iframes,24.025,1.1,282.7,9834.8,1.0,phishing
https://tinyurl.com/2yrddutm,opened_ok,allow,0.45,0.083,0.083,suspicious,2 + deep-analysis,medium,url_shortener_host;hidden_elements_count;external_script_count;excessive_iframes,24.896,3.1,281.3,3649.0,1.0,phishing
https://tinyurl.com/5p6cz6pj,opened_ok,allow,0.45,0.083,0.083,suspicious,2 + deep-analysis,medium,url_shortener_host;hidden_elements_count;external_script_count;excessive_iframes,18.928,0.8,295.9,8644.1,1.0,phishing
https://tinyurl.com/mr22ne6a,opened_ok,allow,0.45,0.083,0.083,suspicious,2 + deep-analysis,medium,url_shortener_host;hidden_elements_count;external_script_count;excessive_iframes,23.753,1.3,279.0,4297.9,1.0,phishing
https://tinyurl.com/ymb5eep9,opened_ok,allow,0.45,0.083,0.083,suspicious,2 + deep-analysis,medium,url_shortener_host;hidden_elements_count;external_script_count;excessive_iframes,20.803,1.1,293.2,8832.5,1.0,phishing
https://tinyurl.com/ye29hjyh,opened_ok,allow,0.45,0.083,0.083,suspicious,2 + deep-analysis,medium,url_shortener_host;hidden_elements_count;external_script_count;excessive_iframes,19.989,1.2,322.6,8871.7,1.0,phishing
https://tinyurl.com/52wbx2n7,opened_ok,allow,0.45,0.083,0.083,suspicious,2 + deep-analysis,medium,url_shortener_host;hidden_elements_count;external_script_count;excessive_iframes,22.265,1.1,294.4,4893.9,1.0,phishing
https://tinyurl.com/yk2vap5a,opened_ok,allow,0.45,0.083,0.083,suspicious,2 + deep-analysis,medium,url_shortener_host;hidden_elements_count;external_script_count;excessive_iframes,25.674,0.8,296.3,10371.8,1.0,phishing
https://tinyurl.com/reserv-voting,opened_ok,allow,0.45,0.083,0.083,suspicious,2 + deep-analysis,medium,url_shortener_host;hidden_elements_count;external_script_count;excessive_iframes,23.462,1.6,304.5,3661.9,1.0,phishing
https://tinyurl.com/ar24notification,opened_ok,allow,0.45,0.083,0.083,suspicious,2 + deep-analysis,medium,url_shortener_host;hidden_elements_count;external_script_count;excessive_iframes,22.885,1.6,287.7,3988.1,1.0,phishing
https://tinyurl.com/bytydgezrrf,opened_ok,allow,0.45,0.083,0.083,suspicious,2 + deep-analysis,medium,url_shortener_host;hidden_elements_count;external_script_count;excessive_iframes,23.401,1.1,294.3,7923.4,1.0,phishing
https://tinyurl.com/yp4zwapj,opened_ok,allow,0.45,0.083,0.083,suspicious,2 + deep-analysis,medium,url_shortener_host;hidden_elements_count;external_script_count;excessive_iframes,21.94,1.2,285.7,6024.7,1.0,phishing
https://tinyurl.com/yruf7ur4,opened_ok,allow,0.45,0.083,0.083,suspicious,2 + deep-analysis,medium,url_shortener_host;hidden_elements_count;external_script_count;excessive_iframes,16.845,0.9,279.7,3445.0,1.0,phishing
https://tinyurl.com/qsqqsqqs,opened_ok,allow,0.45,0.083,0.083,suspicious,2 + deep-analysis,medium,url_shortener_host;hidden_elements_count;external_script_count;excessive_iframes,24.304,1.5,280.4,6615.8,1.0,phishing
https://tinyurl.com/qss5454sq,opened_ok,allow,0.45,0.083,0.083,suspicious,2 + deep-analysis,medium,url_shortener_host;hidden_elements_count;external_script_count;excessive_iframes,22.089,1.1,280.3,9785.2,1.0,phishing
https://tinyurl.com/q4v56ss,opened_ok,allow,0.45,0.083,0.083,suspicious,2 + deep-analysis,medium,url_shortener_host;hidden_elements_count;external_script_count;excessive_iframes,19.595,1.4,283.0,4131.0,1.0,phishing
https://tinyurl.com/5394rdzx,opened_ok,allow,0.45,0.083,0.083,suspicious,2 + deep-analysis,medium,url_shortener_host;hidden_elements_count;external_script_count;excessive_iframes,22.567,1.2,280.0,12335.8,1.0,phishing
https://tinyurl.com/2djpbr7h,opened_ok,allow,0.45,0.083,0.083,suspicious,2 + deep-analysis,medium,url_shortener_host;hidden_elements_count;external_script_count;excessive_iframes,26.655,1.3,333.6,19720.2,1.0,phishing
https://tinyurl.com/csrzbea6,opened_ok,allow,0.45,0.083,0.083,suspicious,2 + deep-analysis,medium,url_shortener_host;hidden_elements_count;external_script_count;excessive_iframes,20.246,1.1,280.0,20202.4,1.0,phishing
https://tinyurl.com/y67s7xuu,opened_ok,allow,0.45,0.083,0.083,suspicious,2 + deep-analysis,medium,url_shortener_host;hidden_elements_count;external_script_count;excessive_iframes,22.128,1.6,296.8,3384.9,1.0,phishing
https://tinyurl.com/2cedq54t,opened_ok,allow,0.45,0.083,0.083,suspicious,2 + deep-analysis,medium,url_shortener_host;hidden_elements_count;external_script_count;excessive_iframes,23.877,1.3,272.6,7543.3,1.0,phishing
https://tinyurl.com/22sd74av,opened_ok,allow,0.45,0.083,0.083,suspicious,2 + deep-analysis,medium,url_shortener_host;hidden_elements_count;external_script_count;excessive_iframes,17.652,1.1,279.7,10659.2,1.0,phishing
https://tinyurl.com/2kmbc469,opened_ok,allow,0.45,0.083,0.083,suspicious,2 + deep-analysis,medium,url_shortener_host;hidden_elements_count;external_script_count;excessive_iframes,24.484,0.8,279.6,11941.0,1.0,phishing
https://tinyurl.com/y47t5azk,opened_ok,allow,0.45,0.083,0.083,suspicious,2 + deep-analysis,medium,url_shortener_host;hidden_elements_count;external_script_count;excessive_iframes,18.234,0.8,280.2,14595.7,1.0,phishing
https://tinyurl.com/88y3zpme,opened_ok,allow,0.45,0.083,0.083,suspicious,2 + deep-analysis,medium,url_shortener_host;hidden_elements_count;external_script_count;excessive_iframes,22.969,1.1,288.6,6953.6,1.0,phishing
https://tinyurl.com/couguy11,opened_ok,allow,0.45,0.083,0.083,suspicious,2 + deep-analysis,medium,url_shortener_host;hidden_elements_count;external_script_count;excessive_iframes,24.417,1.1,280.8,6334.3,1.0,phishing
https://tinyurl.com/2ay6w8ul,opened_ok,allow,0.45,0.083,0.083,suspicious,2 + deep-analysis,medium,url_shortener_host;hidden_elements_count;external_script_count;excessive_iframes,21.204,1.5,280.8,12677.4,1.0,phishing
https://tinyurl.com/4y2m5hbd,opened_ok,allow,0.45,0.083,0.083,suspicious,2 + deep-analysis,medium,url_shortener_host;hidden_elements_count;external_script_count;excessive_iframes,23.705,1.4,281.0,11770.9,1.0,phishing
https://tinyurl.com/Thecourierguyz,opened_ok,allow,0.45,0.083,0.083,suspicious,2 + deep-analysis,medium,url_shortener_host;hidden_elements_count;external_script_count;excessive_iframes,23.806,1.6,249.0,4466.5,1.0,phishing
https://tinyurl.com/5e57yryy,opened_ok,allow,0.45,0.083,0.083,suspicious,2 + deep-analysis,medium,url_shortener_host;hidden_elements_count;external_script_count;excessive_iframes,16.503,0.8,277.5,15501.1,1.0,phishing
https://tinyurl.com/4u87xjmx,opened_ok,allow,0.45,0.083,0.083,suspicious,2 + deep-analysis,medium,url_shortener_host;hidden_elements_count;external_script_count;excessive_iframes,24.755,0.8,281.9,15457.8,1.0,phishing
https://tinyurl.com/4j5zarxu,opened_ok,allow,0.45,0.083,0.083,suspicious,2 + deep-analysis,medium,url_shortener_host;hidden_elements_count;external_script_count;excessive_iframes,19.974,1.4,274.2,6874.1,1.0,phishing
https://tinyurl.com/bd5saawb,opened_ok,allow,0.45,0.083,0.083,suspicious,2 + deep-analysis,medium,url_shortener_host;hidden_elements_count;external_script_count;excessive_iframes,20.683,1.4,272.7,15177.3,1.0,phishing
https://tinyurl.com/2jzccs86,opened_ok,allow,0.45,0.083,0.083,suspicious,2 + deep-analysis,medium,url_shortener_host;hidden_elements_count;external_script_count;excessive_iframes,19.681,0.6,286.9,20713.3,1.0,phishing
https://tinyurl.com/2km7sfv6,opened_ok,allow,0.45,0.083,0.083,suspicious,2 + deep-analysis,medium,url_shortener_host;hidden_elements_count;external_script_count;excessive_iframes,19.186,1.6,245.9,6515.3,1.0,phishing
https://tinyurl.com/7myjcy28,opened_ok,allow,0.45,0.083,0.083,suspicious,2 + deep-analysis,medium,url_shortener_host;hidden_elements_count;external_script_count;excessive_iframes,22.962,1.3,260.4,11129.7,1.0,phishing
https://tinyurl.com/ph64nuyv,opened_ok,allow,0.45,0.083,0.083,suspicious,2 + deep-analysis,medium,url_shortener_host;hidden_elements_count;external_script_count;excessive_iframes,19.799,1.1,289.1,13120.6,1.0,phishing
https://tinyurl.com/2294yc5d,opened_ok,allow,0.45,0.083,0.083,suspicious,2 + deep-analysis,medium,url_shortener_host;hidden_elements_count;external_script_count;excessive_iframes,21.302,1.1,287.9,12962.3,1.0,phishing
https://tinyurl.com/ms6ff6n2,opened_ok,allow,0.45,0.083,0.083,suspicious,2 + deep-analysis,medium,url_shortener_host;hidden_elements_count;external_script_count;excessive_iframes,23.502,0.8,297.5,7393.1,1.0,phishing
https://tinyurl.com/2d7hc4rn,opened_ok,allow,0.45,0.083,0.083,suspicious,2 + deep-analysis,medium,url_shortener_host;hidden_elements_count;external_script_count;excessive_iframes,23.126,1.1,280.6,5644.7,1.0,phishing
https://tinyurl.com/3ka3ffez,opened_ok,allow,0.45,0.083,0.083,suspicious,2 + deep-analysis,medium,url_shortener_host;hidden_elements_count;external_script_count;excessive_iframes,22.504,1.1,296.2,5443.2,1.0,phishing
https://tinyurl.com/y8eek47d,opened_ok,allow,0.45,0.083,0.083,suspicious,2 + deep-analysis,medium,url_shortener_host;hidden_elements_count;external_script_count;excessive_iframes,24.707,1.3,280.5,3810.6,1.0,phishing
https://tinyurl.com/yvydhb8p,opened_ok,allow,0.45,0.083,0.083,suspicious,2 + deep-analysis,medium,url_shortener_host;hidden_elements_count;external_script_count;excessive_iframes,26.561,1.3,280.1,10041.1,1.0,phishing
https://tinyurl.com/454hmk28,opened_ok,allow,0.45,0.083,0.083,suspicious,2 + deep-analysis,medium,url_shortener_host;hidden_elements_count;external_script_count;excessive_iframes,23.133,1.5,294.7,10071.0,1.0,phishing
https://tinyurl.com/2vxcevyj,opened_ok,allow,0.45,0.083,0.083,suspicious,2 + deep-analysis,medium,url_shortener_host;hidden_elements_count;external_script_count;excessive_iframes,19.445,1.7,278.8,5879.9,1.0,phishing
https://tinyurl.com/4p7pkme8,opened_ok,allow,0.45,0.083,0.083,suspicious,2 + deep-analysis,medium,url_shortener_host;hidden_elements_count;external_script_count;excessive_iframes,22.897,1.4,278.9,8696.9,1.0,phishing
https://tinyurl.com/vefjkaskjas,opened_ok,allow,0.45,0.083,0.083,suspicious,2 + deep-analysis,medium,url_shortener_host;hidden_elements_count;external_script_count;excessive_iframes,19.697,1.5,279.1,4143.7,1.0,phishing
https://tinyurl.com/79z7k7kh,opened_ok,allow,0.45,0.083,0.083,suspicious,2 + deep-analysis,medium,url_shortener_host;hidden_elements_count;external_script_count;excessive_iframes,23.363,1.5,284.9,3417.2,1.0,phishing
https://tinyurl.com/kfdzsn5c,opened_ok,allow,0.45,0.083,0.083,suspicious,2 + deep-analysis,medium,url_shortener_host;hidden_elements_count;external_script_count;excessive_iframes,22.863,0.9,281.6,3516.8,1.0,phishing
https://tinyurl.com/46akrx32,opened_ok,allow,0.45,0.083,0.083,suspicious,2 + deep-analysis,medium,url_shortener_host;hidden_elements_count;external_script_count;excessive_iframes,15.868,1.4,273.9,5246.4,1.0,phishing
https://tinyurl.com/D5D67T5sz,opened_ok,allow,0.45,0.083,0.083,suspicious,2 + deep-analysis,medium,url_shortener_host;hidden_elements_count;external_script_count;excessive_iframes,20.279,1.1,279.4,6704.4,1.0,phishing
https://tinyurl.com/2dpb42wg,opened_ok,allow,0.45,0.083,0.083,suspicious,2 + deep-analysis,medium,url_shortener_host;hidden_elements_count;external_script_count;excessive_iframes,22.683,1.5,258.9,9551.8,1.0,phishing
https://tinyurl.com/ys8za44e,opened_ok,allow,0.45,0.083,0.083,suspicious,2 + deep-analysis,medium,url_shortener_host;hidden_elements_count;external_script_count;excessive_iframes,24.344,1.1,289.8,8178.1,1.0,phishing
https://tinyurl.com/mr4cmytu,opened_ok,allow,0.45,0.083,0.083,suspicious,2 + deep-analysis,medium,url_shortener_host;hidden_elements_count;external_script_count;excessive_iframes,23.694,0.8,276.8,7906.0,1.0,phishing
https://tinyurl.com/APPLYHAF,opened_ok,allow,0.45,0.083,0.083,suspicious,2 + deep-analysis,medium,url_shortener_host;hidden_elements_count;external_script_count;excessive_iframes,26.226,1.7,274.0,16672.3,1.0,phishing
https://tinyurl.com/2s3bvryf,opened_ok,allow,0.45,0.083,0.083,suspicious,2 + deep-analysis,medium,url_shortener_host;hidden_elements_count;external_script_count;excessive_iframes,23.931,1.1,280.0,7111.1,1.0,phishing
https://tinyurl.com/2bp6qmfu,opened_ok,allow,0.45,0.083,0.083,suspicious,2 + deep-analysis,medium,url_shortener_host;hidden_elements_count;external_script_count;excessive_iframes,24.261,1.1,294.2,11810.5,1.0,phishing
https://tinyurl.com/29jf5z5w,opened_ok,allow,0.45,0.083,0.083,suspicious,2 + deep-analysis,medium,url_shortener_host;hidden_elements_count;external_script_count;excessive_iframes,24.953,0.8,280.5,16402.6,1.0,phishing
https://tinyurl.com/27zx3l3j,opened_ok,allow,0.45,0.083,0.083,suspicious,2 + deep-analysis,medium,url_shortener_host;hidden_elements_count;external_script_count;excessive_iframes,20.815,1.4,295.8,10398.9,1.0,phishing
https://tinyurl.com/23qmlc6d,opened_ok,allow,0.45,0.083,0.083,suspicious,2 + deep-analysis,medium,url_shortener_host;hidden_elements_count;external_script_count;excessive_iframes,24.286,1.6,296.4,5585.3,1.0,phishing
https://tinyurl.com/24okoc9a,opened_ok,allow,0.45,0.083,0.083,suspicious,2 + deep-analysis,medium,url_shortener_host;hidden_elements_count;external_script_count;excessive_iframes,22.889,1.1,279.0,7779.9,1.0,phishing
https://tinyurl.com/dftyuioZSS,opened_ok,allow,0.45,0.083,0.083,suspicious,2 + deep-analysis,medium,url_shortener_host;hidden_elements_count;external_script_count;excessive_iframes,22.939,1.5,274.9,6699.2,1.0,phishing
https://tinyurl.com/2yub5ucb,opened_ok,allow,0.45,0.083,0.083,suspicious,2 + deep-analysis,medium,url_shortener_host;hidden_elements_count;external_script_count;excessive_iframes,22.755,0.6,280.6,10396.6,1.0,phishing
https://tinyurl.com/6kpmn7my,opened_ok,allow,0.45,0.083,0.083,suspicious,2 + deep-analysis,medium,url_shortener_host;hidden_elements_count;external_script_count;excessive_iframes,18.657,1.3,273.4,7752.6,1.0,phishing
https://tinyurl.com/2bbph6v2,opened_ok,allow,0.45,0.083,0.083,suspicious,2 + deep-analysis,medium,url_shortener_host;hidden_elements_count;external_script_count;excessive_iframes,22.232,1.0,280.4,3908.9,1.0,phishing
https://tinyurl.com/2mkzk27m,opened_ok,allow,0.45,0.083,0.083,suspicious,2 + deep-analysis,medium,url_shortener_host;hidden_elements_count;external_script_count;excessive_iframes,25.641,1.6,282.7,6990.6,1.0,phishing
https://tinyurl.com/y794rhxt,opened_ok,allow,0.45,0.083,0.083,suspicious,2 + deep-analysis,medium,url_shortener_host;hidden_elements_count;external_script_count;excessive_iframes,19.759,1.2,304.5,8880.4,1.0,phishing
https://tinyurl.com/be-mondial-relay,opened_ok,allow,0.45,0.083,0.083,suspicious,2 + deep-analysis,medium,url_shortener_host;hidden_elements_count;external_script_count;excessive_iframes,32.344,1.6,278.6,9924.4,1.0,phishing
https://tinyurl.com/4pswvzyt,opened_ok,allow,0.45,0.083,0.083,suspicious,2 + deep-analysis,medium,url_shortener_host;hidden_elements_count;external_script_count;excessive_iframes,21.585,1.3,279.5,8200.5,1.0,phishing
https://tinyurl.com/mvwwz4da,opened_ok,allow,0.45,0.083,0.083,suspicious,2 + deep-analysis,medium,url_shortener_host;hidden_elements_count;external_script_count;excessive_iframes,18.49,1.4,288.2,8524.2,1.0,phishing
https://tinyurl.com/nznnvebk,opened_ok,allow,0.45,0.083,0.083,suspicious,2 + deep-analysis,medium,url_shortener_host;hidden_elements_count;external_script_count;excessive_iframes,20.538,1.4,284.4,4325.5,1.0,phishing
https://tinyurl.com/2bnw9s2u,opened_ok,allow,0.45,0.083,0.083,suspicious,2 + deep-analysis,medium,url_shortener_host;hidden_elements_count;external_script_count;excessive_iframes,18.019,1.4,274.7,10166.7,1.0,phishing
https://tinyurl.com/3huy5m8s,opened_ok,allow,0.45,0.083,0.083,suspicious,2 + deep-analysis,medium,url_shortener_host;hidden_elements_count;external_script_count;excessive_iframes,24.107,1.2,288.7,10498.6,1.0,phishing
https://tinyurl.com/28yr8w4v,opened_ok,allow,0.45,0.083,0.083,suspicious,2 + deep-analysis,medium,url_shortener_host;hidden_elements_count;external_script_count;excessive_iframes,23.502,1.3,266.9,9803.5,1.0,phishing
https://tinyurl.com/95b4v5dd,opened_ok,allow,0.45,0.083,0.083,suspicious,2 + deep-analysis,medium,url_shortener_host;hidden_elements_count;external_script_count;excessive_iframes,14.578,1.5,305.1,9866.1,1.0,phishing
https://tinyurl.com/7jbz5e7,opened_ok,allow,0.45,0.083,0.083,suspicious,2 + deep-analysis,medium,url_shortener_host;hidden_elements_count;external_script_count;excessive_iframes,23.462,1.1,287.9,13220.7,1.0,phishing
https://tinyurl.com/yjew4632,opened_ok,allow,0.45,0.083,0.083,suspicious,2 + deep-analysis,medium,url_shortener_host;hidden_elements_count;external_script_count;excessive_iframes,20.536,1.3,261.8,6285.0,1.0,phishing
https://tinyurl.com/y5f9cwzx,opened_ok,allow,0.45,0.083,0.083,suspicious,2 + deep-analysis,medium,url_shortener_host;hidden_elements_count;external_script_count;excessive_iframes,21.254,1.4,279.6,11742.0,1.0,phishing
https://tinyurl.com/5y6mznye,opened_ok,allow,0.45,0.083,0.083,suspicious,2 + deep-analysis,medium,url_shortener_host;hidden_elements_count;external_script_count;excessive_iframes,22.898,1.3,247.0,10160.6,1.0,phishing
https://tinyurl.com/bdhycuyc,opened_ok,allow,0.45,0.083,0.083,suspicious,2 + deep-analysis,medium,url_shortener_host;hidden_elements_count;external_script_count;excessive_iframes,16.754,1.1,280.2,17125.8,1.0,phishing
https://tinyurl.com/57cy5d3s,opened_ok,allow,0.45,0.083,0.083,suspicious,2 + deep-analysis,medium,url_shortener_host;hidden_elements_count;external_script_count;excessive_iframes,21.728,1.5,281.9,8206.5,1.0,phishing
https://tinyurl.com/3v9jatd7,opened_ok,allow,0.45,0.083,0.083,suspicious,2 + deep-analysis,medium,url_shortener_host;hidden_elements_count;external_script_count;excessive_iframes,20.515,1.1,282.1,6543.0,1.0,phishing
https://tinyurl.com/yr5y6fj7,opened_ok,allow,0.45,0.083,0.083,suspicious,2 + deep-analysis,medium,url_shortener_host;hidden_elements_count;external_script_count;excessive_iframes,17.004,0.8,282.8,13536.2,1.0,phishing
https://tinyurl.com/3mxxdy67,opened_ok,allow,0.45,0.083,0.083,suspicious,2 + deep-analysis,medium,url_shortener_host;hidden_elements_count;external_script_count;excessive_iframes,24.418,1.6,301.6,7619.6,1.0,phishing
https://tinyurl.com/4e7sk8sa,opened_ok,allow,0.45,0.083,0.083,suspicious,2 + deep-analysis,medium,url_shortener_host;hidden_elements_count;external_script_count;excessive_iframes,23.114,1.1,280.3,5439.0,1.0,phishing
https://tinyurl.com/bdfu6jfy,opened_ok,allow,0.45,0.083,0.083,suspicious,2 + deep-analysis,medium,url_shortener_host;hidden_elements_count;external_script_count;excessive_iframes,26.269,0.8,294.8,8832.1,1.0,phishing
https://tinyurl.com/mt8dpwwn,opened_ok,allow,0.45,0.083,0.083,suspicious,2 + deep-analysis,medium,url_shortener_host;hidden_elements_count;external_script_count;excessive_iframes,21.418,1.1,287.5,3529.1,1.0,phishing
https://tinyurl.com/3atfudjb,opened_ok,allow,0.45,0.083,0.083,suspicious,2 + deep-analysis,medium,url_shortener_host;hidden_elements_count;external_script_count;excessive_iframes,24.444,1.1,274.0,5005.3,1.0,phishing
https://tinyurl.com/3yuyccp4,opened_ok,allow,0.45,0.083,0.083,suspicious,2 + deep-analysis,medium,url_shortener_host;hidden_elements_count;external_script_count;excessive_iframes,23.323,1.1,273.7,8340.3,1.0,phishing
https://tinyurl.com/rnzw2whs,opened_ok,allow,0.45,0.083,0.083,suspicious,2 + deep-analysis,medium,url_shortener_host;hidden_elements_count;external_script_count;excessive_iframes,24.625,1.4,279.2,3733.8,1.0,phishing
https://tinyurl.com/yc29fh4a,opened_ok,allow,0.45,0.083,0.083,suspicious,2 + deep-analysis,medium,url_shortener_host;hidden_elements_count;external_script_count;excessive_iframes,21.266,1.6,280.2,6553.5,1.0,phishing
https://tinyurl.com/3b87stpd,opened_ok,allow,0.45,0.083,0.083,suspicious,2 + deep-analysis,medium,url_shortener_host;hidden_elements_count;external_script_count;excessive_iframes,20.11,0.8,280.3,12944.6,1.0,phishing
https://tinyurl.com/22qhjj57,opened_ok,allow,0.45,0.083,0.083,suspicious,2 + deep-analysis,medium,url_shortener_host;hidden_elements_count;external_script_count;excessive_iframes,21.778,0.8,280.7,13626.1,1.0,phishing
https://tinyurl.com/yn66rqgw,opened_ok,allow,0.45,0.083,0.083,suspicious,2 + deep-analysis,medium,url_shortener_host;hidden_elements_count;external_script_count;excessive_iframes,25.104,0.8,283.7,13246.8,1.0,phishing
https://tinyurl.com/3ah67yxf,opened_ok,allow,0.45,0.083,0.083,suspicious,2 + deep-analysis,medium,url_shortener_host;hidden_elements_count;external_script_count;excessive_iframes,28.421,0.8,282.1,12099.7,1.0,phishing
https://tinyurl.com/ytdlqxk3?email=sparkplugboy@btinternet.com&vmid=9d75a18e249a498d1d601191f1c08a17,opened_ok,allow,0.45,0.083,0.083,suspicious,2 + deep-analysis,medium,url_shortener_host;hidden_elements_count;external_script_count;excessive_iframes,21.157,1.3,282.6,3441.7,1.0,phishing
https://tinyurl.com/y2vh95bw,opened_ok,allow,0.45,0.083,0.083,suspicious,2 + deep-analysis,medium,url_shortener_host;hidden_elements_count;external_script_count;excessive_iframes,21.187,1.4,291.6,4903.6,1.0,phishing
https://tinyurl.com/3bvcd8hb,opened_ok,allow,0.45,0.083,0.083,suspicious,2 + deep-analysis,medium,url_shortener_host;hidden_elements_count;external_script_count;excessive_iframes,21.318,1.3,277.8,3515.6,1.0,phishing
https://tinyurl.com/7ztppwzh,opened_ok,allow,0.45,0.083,0.083,suspicious,2 + deep-analysis,medium,url_shortener_host;hidden_elements_count;external_script_count;excessive_iframes,22.586,1.1,278.8,6366.1,1.0,phishing
https://tinyurl.com/dqwopj9234,opened_ok,allow,0.45,0.083,0.083,suspicious,2 + deep-analysis,medium,url_shortener_host;hidden_elements_count;external_script_count;excessive_iframes,21.199,1.1,288.2,9678.4,1.0,phishing
https://tinyurl.com/3wm4pkcf,opened_ok,allow,0.45,0.083,0.083,suspicious,2 + deep-analysis,medium,url_shortener_host;hidden_elements_count;external_script_count;excessive_iframes,27.93,1.4,297.5,6993.6,1.0,phishing
https://tinyurl.com/myphmc3e,opened_ok,allow,0.45,0.083,0.083,suspicious,2 + deep-analysis,medium,url_shortener_host;hidden_elements_count;external_script_count;excessive_iframes,20.11,1.3,302.5,6955.3,1.0,phishing
https://tinyurl.com/44e5d3nk,opened_ok,allow,0.45,0.083,0.083,suspicious,2 + deep-analysis,medium,url_shortener_host;hidden_elements_count;external_script_count;excessive_iframes,19.741,1.1,291.6,13903.3,1.0,phishing
https://tinyurl.com/ytdlqxk3?email=stanleymckee@btinternet.com&vmid=07a37a7fcdfc80204e94013b9bdffd23,opened_ok,allow,0.45,0.083,0.083,suspicious,2 + deep-analysis,medium,url_shortener_host;hidden_elements_count;external_script_count;excessive_iframes,15.076,1.5,286.6,7741.9,1.0,phishing
https://tinyurl.com/ynfmvb55,opened_ok,allow,0.45,0.083,0.083,suspicious,2 + deep-analysis,medium,url_shortener_host;hidden_elements_count;external_script_count;excessive_iframes,21.055,1.4,281.9,3672.9,1.0,phishing
https://tinyurl.com/44ayu6rr,opened_ok,allow,0.45,0.083,0.083,suspicious,2 + deep-analysis,medium,url_shortener_host;hidden_elements_count;external_script_count;excessive_iframes,24.107,1.1,293.2,14194.5,1.0,phishing
https://tinyurl.com/glady-cci1925-de-alliancepr,opened_ok,allow,0.45,0.083,0.083,suspicious,2 + deep-analysis,medium,url_shortener_host;hidden_elements_count;external_script_count;excessive_iframes,30.956,1.8,317.4,3660.8,1.0,phishing
https://tinyurl.com/2c2pxj9c,opened_ok,allow,0.45,0.083,0.083,suspicious,2 + deep-analysis,medium,url_shortener_host;hidden_elements_count;external_script_count;excessive_iframes,20.906,1.3,296.1,3455.3,1.0,phishing
https://tinyurl.com/4a9pfac5,opened_ok,allow,0.45,0.083,0.083,suspicious,2 + deep-analysis,medium,url_shortener_host;hidden_elements_count;external_script_count;excessive_iframes,19.463,1.8,281.1,6211.8,1.0,phishing
https://tinyurl.com/9ttdhfu6,opened_ok,allow,0.45,0.083,0.083,suspicious,2 + deep-analysis,medium,url_shortener_host;hidden_elements_count;external_script_count;excessive_iframes,14.653,0.8,290.5,15041.9,1.0,phishing
https://tinyurl.com/4trrbpk2,opened_ok,allow,0.45,0.083,0.083,suspicious,2 + deep-analysis,medium,url_shortener_host;hidden_elements_count;external_script_count;excessive_iframes,17.603,1.3,295.6,12760.9,1.0,phishing
https://tinyurl.com/yc79t5a8,opened_ok,allow,0.45,0.083,0.083,suspicious,2 + deep-analysis,medium,url_shortener_host;hidden_elements_count;external_script_count;excessive_iframes,20.161,1.1,293.9,11128.0,1.0,phishing
https://tinyurl.com/h2pj6r22,opened_ok,allow,0.45,0.083,0.083,suspicious,2 + deep-analysis,medium,url_shortener_host;hidden_elements_count;external_script_count;excessive_iframes,20.597,1.4,293.1,9141.0,1.0,phishing
https://tinyurl.com/glady-cci1986-de-alliancepr,opened_ok,allow,0.45,0.083,0.083,suspicious,2 + deep-analysis,medium,url_shortener_host;hidden_elements_count;external_script_count;excessive_iframes,23.44,1.1,226.4,9481.2,1.0,phishing
https://tinyurl.com/calmurlearn,opened_ok,allow,0.45,0.083,0.083,suspicious,2 + deep-analysis,medium,url_shortener_host;hidden_elements_count;external_script_count;excessive_iframes,21.418,1.1,289.2,19872.2,1.0,phishing
https://tinyurl.com/robloxxcondo2025,opened_ok,allow,0.45,0.083,0.083,suspicious,2 + deep-analysis,medium,url_shortener_host;hidden_elements_count;external_script_count;excessive_iframes,19.117,0.8,277.2,3535.3,1.0,phishing
https://tinyurl.com/condolinknew,opened_ok,allow,0.45,0.083,0.083,suspicious,2 + deep-analysis,medium,url_shortener_host;hidden_elements_count;external_script_count;excessive_iframes,18.541,1.4,227.8,8463.4,1.0,phishing
https://tinyurl.com/498uzvv2,opened_ok,allow,0.45,0.083,0.083,suspicious,2 + deep-analysis,medium,url_shortener_host;hidden_elements_count;external_script_count;excessive_iframes,20.94,1.1,225.0,8445.7,1.0,phishing
https://tinyurl.com/y3k2k6fx,opened_ok,allow,0.45,0.083,0.083,suspicious,2 + deep-analysis,medium,url_shortener_host;hidden_elements_count;external_script_count;excessive_iframes,21.333,1.1,234.9,8450.8,1.0,phishing
https://tinyurl.com/28o3eot9,opened_ok,allow,0.45,0.083,0.083,suspicious,2 + deep-analysis,medium,url_shortener_host;hidden_elements_count;external_script_count;excessive_iframes,23.293,1.1,282.4,10953.5,1.0,phishing
https://tinyurl.com/27ddrruq,opened_ok,allow,0.45,0.083,0.083,suspicious,2 + deep-analysis,medium,url_shortener_host;hidden_elements_count;external_script_count;excessive_iframes,20.02,1.3,284.0,10957.4,1.0,phishing
https://tinyurl.com/3795dnsp,opened_ok,allow,0.45,0.083,0.083,suspicious,2 + deep-analysis,medium,url_shortener_host;hidden_elements_count;external_script_count;excessive_iframes,21.998,0.8,282.2,7172.7,1.0,phishing
https://tinyurl.com/glady-cci1865-de-alliancepr,opened_ok,allow,0.45,0.083,0.083,suspicious,2 + deep-analysis,medium,url_shortener_host;hidden_elements_count;external_script_count;excessive_iframes,23.391,0.8,281.5,5577.7,1.0,phishing
https://tinyurl.com/mrynd688,opened_ok,allow,0.45,0.083,0.083,suspicious,2 + deep-analysis,medium,url_shortener_host;hidden_elements_count;external_script_count;excessive_iframes,26.598,1.2,280.7,5814.1,1.0,phishing
https://tinyurl.com/f3az9ajw,opened_ok,allow,0.45,0.083,0.083,suspicious,2 + deep-analysis,medium,url_shortener_host;hidden_elements_count;external_script_count;excessive_iframes,25.142,1.2,279.4,12353.5,1.0,phishing
https://tinyurl.com/4zbh93fj,opened_ok,allow,0.45,0.083,0.083,suspicious,2 + deep-analysis,medium,url_shortener_host;hidden_elements_count;external_script_count;excessive_iframes,21.415,0.8,291.2,20379.7,1.0,phishing
https://tinyurl.com/3xht4cub,opened_ok,allow,0.45,0.083,0.083,suspicious,2 + deep-analysis,medium,url_shortener_host;hidden_elements_count;external_script_count;excessive_iframes,21.629,1.0,282.2,15550.3,1.0,phishing
https://tinyurl.com/ms9bctdu,opened_ok,allow,0.45,0.083,0.083,suspicious,2 + deep-analysis,medium,url_shortener_host;hidden_elements_count;external_script_count;excessive_iframes,24.733,0.8,279.0,14117.5,1.0,phishing
https://tinyurl.com/y663ff6r,opened_ok,allow,0.45,0.083,0.083,suspicious,2 + deep-analysis,medium,url_shortener_host;hidden_elements_count;external_script_count;excessive_iframes,26.353,0.8,288.4,14808.2,1.0,phishing
https://tinyurl.com/yceuujry,opened_ok,allow,0.45,0.083,0.083,suspicious,2 + deep-analysis,medium,url_shortener_host;hidden_elements_count;external_script_count;excessive_iframes,19.387,0.8,297.5,11601.6,1.0,phishing
https://tinyurl.com/4trbjfkb,opened_ok,allow,0.45,0.083,0.083,suspicious,2 + deep-analysis,medium,url_shortener_host;hidden_elements_count;external_script_count;excessive_iframes,22.756,1.1,290.6,11614.6,1.0,phishing
https://tinyurl.com/2u82cm34,opened_ok,allow,0.45,0.083,0.083,suspicious,2 + deep-analysis,medium,url_shortener_host;hidden_elements_count;external_script_count;excessive_iframes,23.865,1.2,294.9,9936.3,1.0,phishing
https://tinyurl.com/4jhs39py,opened_ok,allow,0.45,0.083,0.083,suspicious,2 + deep-analysis,medium,url_shortener_host;hidden_elements_count;external_script_count;excessive_iframes,22.819,0.8,281.7,15229.3,1.0,phishing
https://tinyurl.com/4u9b7neu,opened_ok,allow,0.45,0.083,0.083,suspicious,2 + deep-analysis,medium,url_shortener_host;hidden_elements_count;external_script_count;excessive_iframes,28.955,1.5,299.7,10268.4,1.0,phishing
https://tinyurl.com/2boewwux,opened_ok,allow,0.45,0.083,0.083,suspicious,2 + deep-analysis,medium,url_shortener_host;hidden_elements_count;external_script_count;excessive_iframes,19.626,1.5,297.0,9742.0,1.0,phishing
https://tinyurl.com/23852oen,opened_ok,allow,0.45,0.083,0.083,suspicious,2 + deep-analysis,medium,url_shortener_host;hidden_elements_count;external_script_count;excessive_iframes,19.272,1.2,291.2,10252.1,1.0,phishing
https://tinyurl.com/22g7ymla,opened_ok,allow,0.45,0.083,0.083,suspicious,2 + deep-analysis,medium,url_shortener_host;hidden_elements_count;external_script_count;excessive_iframes,18.614,1.2,304.2,16622.9,1.0,phishing
https://tinyurl.com/yc73teja,opened_ok,allow,0.45,0.083,0.083,suspicious,2 + deep-analysis,medium,url_shortener_host;hidden_elements_count;external_script_count;excessive_iframes,22.288,1.1,291.8,12886.2,1.0,phishing
https://tinyurl.com/2ptwvncw,opened_ok,allow,0.45,0.083,0.083,suspicious,2 + deep-analysis,medium,url_shortener_host;hidden_elements_count;external_script_count;excessive_iframes,16.319,1.3,262.6,7318.2,1.0,phishing
https://tinyurl.com/2e8s76aa,opened_ok,allow,0.45,0.083,0.083,suspicious,2 + deep-analysis,medium,url_shortener_host;hidden_elements_count;external_script_count;excessive_iframes,17.177,1.2,282.3,9788.3,1.0,phishing
https://tinyurl.com/4vcfwu23,opened_ok,allow,0.45,0.083,0.083,suspicious,2 + deep-analysis,medium,url_shortener_host;hidden_elements_count;external_script_count;excessive_iframes,22.52,1.1,277.9,13823.8,1.0,phishing
https://tinyurl.com/2xv4wcty,opened_ok,allow,0.45,0.083,0.083,suspicious,2 + deep-analysis,medium,url_shortener_host;hidden_elements_count;external_script_count;excessive_iframes,21.083,1.2,275.3,29328.3,1.0,phishing
https://tinyurl.com/4eb3ad2c,opened_ok,allow,0.45,0.083,0.083,suspicious,2 + deep-analysis,medium,url_shortener_host;hidden_elements_count;external_script_count;excessive_iframes,20.753,1.1,293.2,28342.4,1.0,phishing
https://tinyurl.com/2vtfw3zj,opened_ok,allow,0.45,0.083,0.083,suspicious,2 + deep-analysis,medium,url_shortener_host;hidden_elements_count;external_script_count;excessive_iframes,24.238,0.7,267.3,3825.5,1.0,phishing
https://tinyurl.com/5n99vx9s#redacted@abuse.ionos.com,opened_ok,allow,0.45,0.083,0.083,suspicious,2 + deep-analysis,medium,url_shortener_host;hidden_elements_count;external_script_count;excessive_iframes,20.141,1.4,298.0,3701.5,1.0,phishing
https://tinyurl.com/3zf7cuxd,opened_ok,allow,0.45,0.083,0.083,suspicious,2 + deep-analysis,medium,url_shortener_host;hidden_elements_count;external_script_count;excessive_iframes,19.195,1.1,292.4,4518.2,1.0,phishing
https://tinyurl.com/3jyhs426,opened_ok,allow,0.45,0.083,0.083,suspicious,2 + deep-analysis,medium,url_shortener_host;hidden_elements_count;external_script_count;excessive_iframes,40.39,1.3,291.7,3583.4,1.0,phishing
https://tinyurl.com/5628evvw,opened_ok,allow,0.45,0.083,0.083,suspicious,2 + deep-analysis,medium,url_shortener_host;hidden_elements_count;external_script_count;excessive_iframes,17.565,1.1,297.9,10113.1,1.0,phishing
https://bit.ly/4hWYWbD,opened_ok,allow,0.45,0.345,0.345,suspicious,2 + deep-analysis,low,url_shortener_host;login_intent,22.764,3.0,282.8,260.1,1.0,phishing
https://bit.ly/4hUw180,opened_ok,allow,0.45,0.345,0.345,suspicious,2 + deep-analysis,low,url_shortener_host;login_intent,24.411,3.7,296.7,237.9,1.0,phishing
https://bit.ly/4hOSL9G,opened_ok,allow,0.45,0.345,0.345,suspicious,2 + deep-analysis,low,url_shortener_host;login_intent,22.733,3.7,282.8,238.8,1.0,phishing
https://bit.ly/4hBJaTP,opened_ok,allow,0.45,0.345,0.345,suspicious,2 + deep-analysis,low,url_shortener_host;login_intent,21.747,2.7,296.7,352.0,1.0,phishing
https://bit.ly/4gJcdDs,opened_ok,allow,0.45,0.345,0.345,suspicious,2 + deep-analysis,low,url_shortener_host;login_intent,24.576,2.7,282.8,403.0,1.0,phishing
https://bit.ly/4gJ6MVk,opened_ok,allow,0.45,0.345,0.345,suspicious,2 + deep-analysis,low,url_shortener_host;login_intent,22.911,3.0,278.4,399.9,1.0,phishing
https://bit.ly/4b3mFEY,opened_ok,allow,0.45,0.345,0.345,suspicious,2 + deep-analysis,low,url_shortener_host;login_intent,22.059,2.5,296.7,368.6,1.0,phishing
https://bit.ly/43eY3ar,opened_ok,allow,0.45,0.345,0.345,suspicious,2 + deep-analysis,low,url_shortener_host;login_intent,20.953,1.2,278.4,278.4,1.0,phishing
https://bit.ly/410y57P,opened_ok,allow,0.45,0.345,0.345,suspicious,2 + deep-analysis,low,url_shortener_host;login_intent,26.199,2.5,278.4,139.8,1.0,phishing
https://bit.ly/4b2begx,opened_ok,allow,0.45,0.345,0.345,suspicious,2 + deep-analysis,low,url_shortener_host;login_intent,23.013,0.8,284.8,732.3,1.0,phishing
https://bit.ly/42XMZOC,opened_ok,allow,0.45,0.345,0.345,suspicious,2 + deep-analysis,low,url_shortener_host;login_intent,21.165,0.8,296.7,735.9,1.0,phishing
https://bit.ly/3Qgyr51,opened_ok,allow,0.45,0.345,0.345,suspicious,2 + deep-analysis,low,url_shortener_host;login_intent,25.834,3.1,285.6,269.1,1.0,phishing
https://bit.ly/40BqZaV,opened_ok,allow,0.45,0.345,0.345,suspicious,2 + deep-analysis,low,url_shortener_host;login_intent,22.532,4.5,312.1,262.2,1.0,phishing
https://bit.ly/4jeSQ7N,opened_ok,allow,0.45,0.345,0.345,suspicious,2 + deep-analysis,low,url_shortener_host;login_intent,15.716,1.1,279.2,900.9,1.0,phishing
https://bit.ly/4fZ3wow,opened_ok,allow,0.45,0.345,0.345,suspicious,2 + deep-analysis,low,url_shortener_host;login_intent,21.839,1.1,286.0,1227.3,1.0,phishing
https://bit.ly/409bAgh,opened_ok,allow,0.45,0.345,0.345,suspicious,2 + deep-analysis,low,url_shortener_host;login_intent,24.481,3.6,312.1,1310.2,1.0,phishing
https://bit.ly/3DRJU8e,opened_ok,allow,0.45,0.345,0.345,suspicious,2 + deep-analysis,low,url_shortener_host;login_intent,22.61,2.6,296.7,1463.7,1.0,phishing
https://bit.ly/3DPOVhK,opened_ok,allow,0.45,0.345,0.345,suspicious,2 + deep-analysis,low,url_shortener_host;login_intent,24.332,3.0,286.0,1211.8,1.0,phishing
https://bit.ly/3C4zrpx,opened_ok,allow,0.45,0.345,0.345,suspicious,2 + deep-analysis,low,url_shortener_host;login_intent,23.838,4.6,312.1,1086.4,1.0,phishing
https://bit.ly/3BZ8Qdu,opened_ok,allow,0.45,0.345,0.345,suspicious,2 + deep-analysis,low,url_shortener_host;login_intent,25.231,2.7,296.7,2307.2,1.0,phishing
https://bit.ly/40mP3xN,opened_ok,allow,0.45,0.345,0.345,suspicious,2 + deep-analysis,low,url_shortener_host;login_intent,20.366,4.4,279.2,239.2,1.0,phishing
https://bit.ly/41XHIpR,opened_ok,allow,0.45,0.345,0.345,suspicious,2 + deep-analysis,low,url_shortener_host;login_intent,24.955,3.6,312.1,222.9,1.0,phishing
https://bit.ly/4gEm26L,opened_ok,allow,0.45,0.345,0.345,suspicious,2 + deep-analysis,low,url_shortener_host;login_intent,21.152,0.8,279.2,652.2,1.0,phishing
https://bit.ly/4fRxbjc,opened_ok,allow,0.45,0.345,0.345,suspicious,2 + deep-analysis,low,url_shortener_host;login_intent,23.944,4.4,312.1,302.0,1.0,phishing
https://bit.ly/4h5COvl,opened_ok,allow,0.45,0.345,0.345,suspicious,2 + deep-analysis,low,url_shortener_host;login_intent,24.108,4.5,279.2,441.0,1.0,phishing
https://bit.ly/4250Zpb,opened_ok,allow,0.45,0.345,0.345,suspicious,2 + deep-analysis,low,url_shortener_host;login_intent,22.565,3.1,297.0,453.7,1.0,phishing
https://bit.ly/3PqQPaV,opened_ok,allow,0.45,0.345,0.345,suspicious,2 + deep-analysis,low,url_shortener_host;login_intent,24.05,2.8,279.2,254.6,1.0,phishing
https://bit.ly/3BNCLp0,opened_ok,allow,0.45,0.345,0.345,suspicious,2 + deep-analysis,low,url_shortener_host;login_intent,21.172,3.7,279.2,131.6,1.0,phishing
https://bit.ly/3Pgmjka,opened_ok,allow,0.45,0.345,0.345,suspicious,2 + deep-analysis,low,url_shortener_host;login_intent,21.497,1.1,312.1,390.4,1.0,phishing
https://bit.ly/3DNwXML,opened_ok,allow,0.45,0.345,0.345,suspicious,2 + deep-analysis,low,url_shortener_host;login_intent,22.01,0.8,297.0,393.6,1.0,phishing
https://bit.ly/4aa2VPh,opened_ok,allow,0.45,0.345,0.345,suspicious,2 + deep-analysis,low,url_shortener_host;login_intent,25.21,2.6,297.0,318.8,1.0,phishing
https://bit.ly/4gYXNzK,opened_ok,allow,0.45,0.345,0.345,suspicious,2 + deep-analysis,low,url_shortener_host;login_intent,23.125,3.2,279.4,244.4,1.0,phishing
https://bit.ly/40flHBo,opened_ok,allow,0.45,0.345,0.345,suspicious,2 + deep-analysis,low,url_shortener_host;login_intent,19.826,3.1,297.0,250.2,1.0,phishing
https://bit.ly/4j6wBBc,opened_ok,allow,0.45,0.345,0.345,suspicious,2 + deep-analysis,low,url_shortener_host;login_intent,19.625,2.8,279.4,242.7,1.0,phishing
https://bit.ly/3DJftRJ,opened_ok,allow,0.45,0.345,0.345,suspicious,2 + deep-analysis,low,url_shortener_host;login_intent,23.149,3.6,297.0,233.2,1.0,phishing
https://bit.ly/3W62SOy,opened_ok,allow,0.45,0.345,0.345,suspicious,2 + deep-analysis,low,url_shortener_host;login_intent,23.57,2.6,279.4,236.9,1.0,phishing
https://bit.ly/3BJBEGR,opened_ok,allow,0.45,0.345,0.345,suspicious,2 + deep-analysis,low,url_shortener_host;login_intent,27.506,3.7,297.0,234.1,1.0,phishing
https://bit.ly/4a3R6dq,opened_ok,allow,0.45,0.345,0.345,suspicious,2 + deep-analysis,low,url_shortener_host;login_intent,19.805,3.7,279.4,334.2,1.0,phishing
https://bit.ly/404BNfR,opened_ok,allow,0.45,0.345,0.345,suspicious,2 + deep-analysis,low,url_shortener_host;login_intent,19.252,2.3,297.0,333.6,1.0,phishing
https://bit.ly/4h3ezhm,opened_ok,allow,0.45,0.345,0.345,suspicious,2 + deep-analysis,low,url_shortener_host;login_intent,23.234,3.6,312.1,609.0,1.0,phishing
https://bit.ly/3BY6zPO,opened_ok,allow,0.45,0.345,0.345,suspicious,2 + deep-analysis,low,url_shortener_host;login_intent,25.039,4.1,279.4,652.8,1.0,phishing
https://bit.ly/3W6tVJJ,opened_ok,allow,0.45,0.345,0.345,suspicious,2 + deep-analysis,low,url_shortener_host;login_intent,20.434,2.5,279.6,140.6,1.0,phishing
https://bit.ly/4fK23Cj,opened_ok,allow,0.45,0.345,0.345,suspicious,2 + deep-analysis,low,url_shortener_host;login_intent,24.234,2.6,279.6,167.6,1.0,phishing
https://bit.ly/3Dx5gHO,opened_ok,allow,0.45,0.345,0.345,suspicious,2 + deep-analysis,low,url_shortener_host;login_intent,23.379,3.6,279.6,224.6,1.0,phishing
https://bit.ly/4j26kUg,opened_ok,allow,0.45,0.345,0.345,suspicious,2 + deep-analysis,low,url_shortener_host;login_intent,16.08,2.7,297.0,277.3,1.0,phishing
https://bit.ly/41YI13F,opened_ok,allow,0.45,0.345,0.345,suspicious,2 + deep-analysis,low,url_shortener_host;login_intent,19.752,3.6,312.1,360.9,1.0,phishing
https://bit.ly/4gZMxmR,opened_ok,allow,0.45,0.345,0.345,suspicious,2 + deep-analysis,low,url_shortener_host;login_intent,20.035,2.8,297.0,357.2,1.0,phishing
https://bit.ly/40eATi9,opened_ok,allow,0.45,0.345,0.345,suspicious,2 + deep-analysis,low,url_shortener_host;login_intent,21.458,2.8,279.6,352.2,1.0,phishing
https://bit.ly/4hhsIrp,opened_ok,allow,0.45,0.345,0.345,suspicious,2 + deep-analysis,low,url_shortener_host;login_intent,23.883,4.4,312.1,354.6,1.0,phishing
https://bit.ly/4iTVU9r,opened_ok,allow,0.45,0.345,0.345,suspicious,2 + deep-analysis,low,url_shortener_host;login_intent,22.272,4.6,279.6,449.3,1.0,phishing
https://bit.ly/4gEYs9E,opened_ok,allow,0.45,0.345,0.345,suspicious,2 + deep-analysis,low,url_shortener_host;login_intent,30.064,2.1,312.1,530.8,1.0,phishing
https://bit.ly/3VZX9dq,opened_ok,allow,0.45,0.345,0.345,suspicious,2 + deep-analysis,low,url_shortener_host;login_intent,21.747,4.0,286.0,401.2,1.0,phishing
https://bit.ly/3BIYvCr,opened_ok,allow,0.45,0.345,0.345,suspicious,2 + deep-analysis,low,url_shortener_host;login_intent,17.943,4.6,297.0,691.2,1.0,phishing
https://bit.ly/41SWwpw,opened_ok,allow,0.45,0.345,0.345,suspicious,2 + deep-analysis,low,url_shortener_host;login_intent,18.654,3.2,286.0,547.3,1.0,phishing
https://bit.ly/4gxlVJV,opened_ok,allow,0.45,0.345,0.345,suspicious,2 + deep-analysis,low,url_shortener_host;login_intent,14.673,3.7,297.0,469.8,1.0,phishing
https://bit.ly/4fHbXof,opened_ok,allow,0.45,0.345,0.345,suspicious,2 + deep-analysis,low,url_shortener_host;login_intent,21.921,2.8,280.1,468.9,1.0,phishing
https://bit.ly/3PchW9M,opened_ok,allow,0.45,0.345,0.345,suspicious,2 + deep-analysis,low,url_shortener_host;login_intent,22.761,3.5,312.1,509.3,1.0,phishing
https://bit.ly/3DxtzW2,opened_ok,allow,0.45,0.345,0.345,suspicious,2 + deep-analysis,low,url_shortener_host;login_intent,19.641,4.6,286.0,514.8,1.0,phishing
https://bit.ly/4g8774t,opened_ok,allow,0.45,0.345,0.345,suspicious,2 + deep-analysis,low,url_shortener_host;login_intent,20.465,2.7,280.1,489.4,1.0,phishing
https://bit.ly/4gsKLL7,opened_ok,allow,0.45,0.345,0.345,suspicious,2 + deep-analysis,low,url_shortener_host;login_intent,23.112,3.7,297.0,483.1,1.0,phishing
https://bit.ly/3Wnw97V,opened_ok,allow,0.45,0.345,0.345,suspicious,2 + deep-analysis,low,url_shortener_host;login_intent,19.184,3.7,312.1,487.5,1.0,phishing
https://bit.ly/4a5iB6r,opened_ok,allow,0.45,0.345,0.345,suspicious,2 + deep-analysis,low,url_shortener_host;login_intent,24.603,4.6,286.0,478.0,1.0,phishing
https://bit.ly/4fD2MoS,opened_ok,allow,0.45,0.345,0.345,suspicious,2 + deep-analysis,low,url_shortener_host;login_intent,23.083,3.6,297.0,471.9,1.0,phishing
https://bit.ly/3BPRNdF,opened_ok,allow,0.45,0.345,0.345,suspicious,2 + deep-analysis,low,url_shortener_host;login_intent,22.202,4.6,312.1,465.4,1.0,phishing
https://bit.ly/4iVZfEQ,opened_ok,allow,0.45,0.345,0.345,suspicious,2 + deep-analysis,low,url_shortener_host;login_intent,20.098,3.6,286.0,465.4,1.0,phishing
https://bit.ly/41SW3ng,opened_ok,allow,0.45,0.345,0.345,suspicious,2 + deep-analysis,low,url_shortener_host;login_intent,23.872,3.7,280.1,466.2,1.0,phishing
https://bit.ly/4gPBvRz,opened_ok,allow,0.45,0.345,0.345,suspicious,2 + deep-analysis,low,url_shortener_host;login_intent,23.203,4.2,297.0,462.7,1.0,phishing
https://bit.ly/41UtA0m,opened_ok,allow,0.45,0.345,0.345,suspicious,2 + deep-analysis,low,url_shortener_host;login_intent,20.461,2.8,312.1,388.4,1.0,phishing
https://bit.ly/3BQ9QAu,opened_ok,allow,0.45,0.345,0.345,suspicious,2 + deep-analysis,low,url_shortener_host;login_intent,22.049,3.7,280.1,326.0,1.0,phishing
https://bit.ly/4gun8Sg,opened_ok,allow,0.45,0.345,0.345,suspicious,2 + deep-analysis,low,url_shortener_host;login_intent,19.28,2.8,286.0,240.4,1.0,phishing
https://bit.ly/49UnmQ4,opened_ok,allow,0.45,0.345,0.345,suspicious,2 + deep-analysis,low,url_shortener_host;login_intent,22.55,3.7,312.1,274.3,1.0,phishing
https://bit.ly/49UgX7H,opened_ok,allow,0.45,0.345,0.345,suspicious,2 + deep-analysis,low,url_shortener_host;login_intent,19.785,3.7,286.0,258.7,1.0,phishing
https://bit.ly/3BQmnUx,opened_ok,allow,0.45,0.345,0.345,suspicious,2 + deep-analysis,low,url_shortener_host;login_intent,22.943,3.6,297.0,1520.5,1.0,phishing
https://bit.ly/40dmrr0,opened_ok,allow,0.45,0.345,0.345,suspicious,2 + deep-analysis,low,url_shortener_host;login_intent,23.289,3.7,280.6,435.2,1.0,phishing
https://bit.ly/4gQPPbN,opened_ok,allow,0.45,0.345,0.345,suspicious,2 + deep-analysis,low,url_shortener_host;login_intent,23.793,2.8,287.0,451.8,1.0,phishing
https://bit.ly/3DCiYcz,opened_ok,allow,0.45,0.345,0.345,suspicious,2 + deep-analysis,low,url_shortener_host;login_intent,23.424,2.7,312.1,453.7,1.0,phishing
https://ctrtglobal.com/pianifica/e-Doccondiviso.html,opened_ok,continue_monitoring,0.972,0.114,,suspicious,1,high,login_intent,6.332,1.1,196.2,5716.2,1,phishing
https://imadlohwak1787030968630.1250059.misitiohostgator.com/dbbs/,opened_ok,continue_monitoring,0.972,0.114,,suspicious,1,high,login_intent,4.902,1.3,192.5,306.5,1,phishing
https://www.simplify-am.com/sitelocker/roma2.php,opened_ok,continue_monitoring,1.0,0.0,,safe,1,high,no_suspicious_signals_detected,11.529,1.3,198.5,658.1,1,phishing
https://poormichigan.org,opened_ok,continue_monitoring,0.972,0.114,,suspicious,1,high,login_intent,12.563,1.4,193.2,1215.8,1,phishing
https://beacons.ai/getprolicense,opened_ok,continue_monitoring,0.967,0.167,,suspicious,1,high,external_script_count,5.765,2.2,194.5,1460.4,1,phishing
https://bit.ly/4pZsTwV,opened_ok,continue_monitoring,0.896,0.217,,suspicious,1,high,url_shortener_host,8.843,4.2,199.7,2084.0,1,phishing
https://bit.ly/3RUiSV3,opened_ok,continue_monitoring,0.896,0.217,,suspicious,1,high,url_shortener_host,9.631,3.3,197.0,966.6,1,phishing
https://bio.site/cuscatlasv,opened_ok,continue_monitoring,1.0,0.0,,safe,1,high,no_suspicious_signals_detected,10.794,1.1,193.4,5751.4,1,phishing
https://linktr.ee/welipac110,opened_ok,continue_monitoring,0.844,0.231,,suspicious,1,medium,unknown_tld;login_intent;external_script_count,10.734,1.2,196.9,2243.6,1,phishing
https://linktr.ee/Newmaiiiling,opened_ok,continue_monitoring,0.828,0.276,,suspicious,1,medium,unknown_tld;hidden_elements_count;external_script_count,8.881,1.1,223.1,2199.7,1,phishing
https://linktr.ee/xfinitiyy,opened_ok,continue_monitoring,0.844,0.231,,suspicious,1,medium,unknown_tld;login_intent;external_script_count,5.757,1.1,201.9,653.9,1,phishing
https://linktr.ee/xfkm001,opened_ok,continue_monitoring,0.844,0.231,,suspicious,1,medium,unknown_tld;login_intent;external_script_count,7.876,1.1,199.7,1695.1,1,phishing
https://linktr.ee/tobenam740,opened_ok,continue_monitoring,0.844,0.231,,suspicious,1,medium,unknown_tld;login_intent;external_script_count,9.226,0.9,198.3,1712.6,1,phishing
https://linktr.ee/seciv84471,opened_ok,continue_monitoring,0.844,0.231,,suspicious,1,medium,unknown_tld;login_intent;external_script_count,3.11,1.2,203.8,1677.0,1,phishing
https://linktr.ee/jeyiwec929,opened_ok,continue_monitoring,0.844,0.231,,suspicious,1,medium,unknown_tld;login_intent;external_script_count,8.099,1.1,199.8,785.6,1,phishing
https://linktr.ee/r1undamex#573643513,opened_ok,continue_monitoring,0.844,0.231,,suspicious,1,medium,unknown_tld;login_intent;external_script_count,5.915,1.1,198.5,1309.8,1,phishing